,FearGreed_Value,FearGreed_Label,Date,time_until_update
2845,30,Fear,2018-02-01,
2844,15,Extreme Fear,2018-02-02,
2843,40,Fear,2018-02-03,
2842,24,Extreme Fear,2018-02-04,
2841,11,Extreme Fear,2018-02-05,
2840,8,Extreme Fear,2018-02-06,
2839,36,Fear,2018-02-07,
2838,30,Fear,2018-02-08,
2837,44,Fear,2018-02-09,
2836,54,Neutral,2018-02-10,
2835,31,Fear,2018-02-11,
2834,42,Fear,2018-02-12,
2833,35,Fear,2018-02-13,
2832,55,Greed,2018-02-14,
2831,71,Greed,2018-02-15,
2830,67,Greed,2018-02-16,
2829,74,Greed,2018-02-17,
2828,63,Greed,2018-02-18,
2827,67,Greed,2018-02-19,
2826,74,Greed,2018-02-20,
2825,54,Neutral,2018-02-21,
2824,44,Fear,2018-02-22,
2823,39,Fear,2018-02-23,
2822,31,Fear,2018-02-24,
2821,33,Fear,2018-02-25,
2820,37,Fear,2018-02-26,
2819,44,Fear,2018-02-27,
2818,41,Fear,2018-02-28,
2817,38,Fear,2018-03-01,
2816,47,Neutral,2018-03-02,
2815,56,Greed,2018-03-03,
2814,44,Fear,2018-03-04,
2813,55,Greed,2018-03-05,
2812,59,Greed,2018-03-06,
2811,37,Fear,2018-03-07,
2810,39,Fear,2018-03-08,
2809,37,Fear,2018-03-09,
2808,39,Fear,2018-03-10,
2807,40,Fear,2018-03-11,
2806,41,Fear,2018-03-12,
2805,41,Fear,2018-03-13,
2804,40,Fear,2018-03-14,
2803,32,Fear,2018-03-15,
2802,33,Fear,2018-03-16,
2801,31,Fear,2018-03-17,
2800,29,Fear,2018-03-18,
2799,29,Fear,2018-03-19,
2798,37,Fear,2018-03-20,
2797,36,Fear,2018-03-21,
2796,36,Fear,2018-03-22,
2795,28,Fear,2018-03-23,
2794,32,Fear,2018-03-24,
2793,30,Fear,2018-03-25,
2792,31,Fear,2018-03-26,
2791,24,Extreme Fear,2018-03-27,
2790,24,Extreme Fear,2018-03-28,
2789,18,Extreme Fear,2018-03-29,
2788,12,Extreme Fear,2018-03-30,
2787,16,Extreme Fear,2018-03-31,
2786,16,Extreme Fear,2018-04-01,
2785,11,Extreme Fear,2018-04-02,
2784,22,Extreme Fear,2018-04-03,
2783,22,Extreme Fear,2018-04-04,
2782,17,Extreme Fear,2018-04-05,
2781,19,Extreme Fear,2018-04-06,
2780,20,Extreme Fear,2018-04-07,
2779,17,Extreme Fear,2018-04-08,
2778,21,Extreme Fear,2018-04-09,
2777,18,Extreme Fear,2018-04-10,
2776,20,Extreme Fear,2018-04-11,
2775,18,Extreme Fear,2018-04-12,
2774,23,Extreme Fear,2018-04-13,
2773,26,Fear,2018-04-17,
2772,24,Extreme Fear,2018-04-18,
2771,25,Extreme Fear,2018-04-19,
2770,26,Fear,2018-04-20,
2769,32,Fear,2018-04-21,
2768,31,Fear,2018-04-22,
2767,28,Fear,2018-04-23,
2766,29,Fear,2018-04-24,
2765,64,Greed,2018-04-25,
2764,47,Neutral,2018-04-26,
2763,55,Greed,2018-04-27,
2762,54,Neutral,2018-04-28,
2761,61,Greed,2018-04-29,
2760,59,Greed,2018-04-30,
2759,56,Greed,2018-05-01,
2758,52,Neutral,2018-05-02,
2757,55,Greed,2018-05-03,
2756,56,Greed,2018-05-04,
2755,63,Greed,2018-05-05,
2754,67,Greed,2018-05-06,
2753,56,Greed,2018-05-07,
2752,62,Greed,2018-05-08,
2751,53,Neutral,2018-05-09,
2750,63,Greed,2018-05-10,
2749,41,Fear,2018-05-11,
2748,44,Fear,2018-05-12,
2747,40,Fear,2018-05-13,
2746,40,Fear,2018-05-14,
2745,40,Fear,2018-05-15,
2744,32,Fear,2018-05-16,
2743,31,Fear,2018-05-17,
2742,37,Fear,2018-05-18,
2741,31,Fear,2018-05-19,
2740,32,Fear,2018-05-20,
2739,41,Fear,2018-05-21,
2738,30,Fear,2018-05-22,
2737,26,Fear,2018-05-23,
2736,27,Fear,2018-05-24,
2735,25,Extreme Fear,2018-05-25,
2734,23,Extreme Fear,2018-05-26,
2733,19,Extreme Fear,2018-05-27,
2732,22,Extreme Fear,2018-05-28,
2731,16,Extreme Fear,2018-05-29,
2730,38,Fear,2018-05-30,
2729,25,Extreme Fear,2018-05-31,
2728,24,Extreme Fear,2018-06-01,
2727,27,Fear,2018-06-02,
2726,40,Fear,2018-06-03,
2725,41,Fear,2018-06-04,
2724,26,Fear,2018-06-05,
2723,42,Fear,2018-06-06,
2722,38,Fear,2018-06-07,
2721,40,Fear,2018-06-08,
2720,39,Fear,2018-06-09,
2719,24,Extreme Fear,2018-06-10,
2718,15,Extreme Fear,2018-06-11,
2717,19,Extreme Fear,2018-06-12,
2716,19,Extreme Fear,2018-06-13,
2715,17,Extreme Fear,2018-06-14,
2714,26,Fear,2018-06-15,
2713,22,Extreme Fear,2018-06-16,
2712,23,Extreme Fear,2018-06-17,
2711,27,Fear,2018-06-18,
2710,32,Fear,2018-06-19,
2709,34,Fear,2018-06-20,
2708,37,Fear,2018-06-21,
2707,28,Fear,2018-06-22,
2706,17,Extreme Fear,2018-06-23,
2705,15,Extreme Fear,2018-06-24,
2704,16,Extreme Fear,2018-06-25,
2703,21,Extreme Fear,2018-06-26,
2702,18,Extreme Fear,2018-06-27,
2701,20,Extreme Fear,2018-06-28,
2700,16,Extreme Fear,2018-06-29,
2699,22,Extreme Fear,2018-06-30,
2698,27,Fear,2018-07-01,
2697,27,Fear,2018-07-02,
2696,31,Fear,2018-07-03,
2695,33,Fear,2018-07-04,
2694,37,Fear,2018-07-05,
2693,34,Fear,2018-07-06,
2692,34,Fear,2018-07-07,
2691,38,Fear,2018-07-08,
2690,39,Fear,2018-07-09,
2689,37,Fear,2018-07-10,
2688,29,Fear,2018-07-11,
2687,33,Fear,2018-07-12,
2686,29,Fear,2018-07-13,
2685,29,Fear,2018-07-14,
2684,32,Fear,2018-07-15,
2683,36,Fear,2018-07-16,
2682,39,Fear,2018-07-17,
2681,42,Fear,2018-07-18,
2680,44,Fear,2018-07-19,
2679,47,Neutral,2018-07-20,
2678,43,Fear,2018-07-21,
2677,46,Fear,2018-07-22,
2676,44,Fear,2018-07-23,
2675,49,Neutral,2018-07-24,
2674,54,Neutral,2018-07-25,
2673,53,Neutral,2018-07-26,
2672,47,Neutral,2018-07-27,
2671,54,Neutral,2018-07-28,
2670,54,Neutral,2018-07-29,
2669,53,Neutral,2018-07-30,
2668,48,Neutral,2018-07-31,
2667,39,Fear,2018-08-01,
2666,39,Fear,2018-08-02,
2665,36,Fear,2018-08-03,
2664,31,Fear,2018-08-04,
2663,23,Extreme Fear,2018-08-05,
2662,25,Extreme Fear,2018-08-06,
2661,25,Extreme Fear,2018-08-07,
2660,23,Extreme Fear,2018-08-08,
2659,19,Extreme Fear,2018-08-09,
2658,21,Extreme Fear,2018-08-10,
2657,18,Extreme Fear,2018-08-11,
2656,18,Extreme Fear,2018-08-12,
2655,21,Extreme Fear,2018-08-13,
2654,16,Extreme Fear,2018-08-14,
2653,18,Extreme Fear,2018-08-15,
2652,21,Extreme Fear,2018-08-16,
2651,19,Extreme Fear,2018-08-17,
2650,24,Extreme Fear,2018-08-18,
2649,27,Fear,2018-08-19,
2648,26,Fear,2018-08-20,
2647,19,Extreme Fear,2018-08-21,
2646,21,Extreme Fear,2018-08-22,
2645,18,Extreme Fear,2018-08-23,
2644,19,Extreme Fear,2018-08-24,
2643,22,Extreme Fear,2018-08-25,
2642,19,Extreme Fear,2018-08-26,
2641,18,Extreme Fear,2018-08-27,
2640,19,Extreme Fear,2018-08-28,
2639,19,Extreme Fear,2018-08-29,
2638,22,Extreme Fear,2018-08-30,
2637,17,Extreme Fear,2018-08-31,
2636,21,Extreme Fear,2018-09-01,
2635,18,Extreme Fear,2018-09-02,
2634,19,Extreme Fear,2018-09-03,
2633,26,Fear,2018-09-04,
2632,17,Extreme Fear,2018-09-05,
2631,14,Extreme Fear,2018-09-06,
2630,17,Extreme Fear,2018-09-07,
2629,18,Extreme Fear,2018-09-08,
2628,13,Extreme Fear,2018-09-09,
2627,15,Extreme Fear,2018-09-10,
2626,18,Extreme Fear,2018-09-11,
2625,14,Extreme Fear,2018-09-12,
2624,20,Extreme Fear,2018-09-13,
2623,23,Extreme Fear,2018-09-14,
2622,24,Extreme Fear,2018-09-15,
2621,28,Fear,2018-09-16,
2620,25,Extreme Fear,2018-09-17,
2619,21,Extreme Fear,2018-09-18,
2618,24,Extreme Fear,2018-09-19,
2617,24,Extreme Fear,2018-09-20,
2616,31,Fear,2018-09-21,
2615,35,Fear,2018-09-22,
2614,38,Fear,2018-09-23,
2613,43,Fear,2018-09-24,
2612,37,Fear,2018-09-25,
2611,37,Fear,2018-09-26,
2610,42,Fear,2018-09-27,
2609,42,Fear,2018-09-28,
2608,37,Fear,2018-09-29,
2607,34,Fear,2018-09-30,
2606,35,Fear,2018-10-01,
2605,33,Fear,2018-10-02,
2604,36,Fear,2018-10-03,
2603,29,Fear,2018-10-04,
2602,37,Fear,2018-10-05,
2601,34,Fear,2018-10-06,
2600,29,Fear,2018-10-07,
2599,26,Fear,2018-10-08,
2598,31,Fear,2018-10-09,
2597,28,Fear,2018-10-10,
2596,19,Extreme Fear,2018-10-11,
2595,13,Extreme Fear,2018-10-12,
2594,15,Extreme Fear,2018-10-13,
2593,18,Extreme Fear,2018-10-14,
2592,20,Extreme Fear,2018-10-15,
2591,24,Extreme Fear,2018-10-16,
2590,23,Extreme Fear,2018-10-17,
2589,26,Fear,2018-10-18,
2588,24,Extreme Fear,2018-10-19,
2587,21,Extreme Fear,2018-10-20,
2586,21,Extreme Fear,2018-10-21,
2585,27,Fear,2018-10-22,
2584,24,Extreme Fear,2018-10-23,
2583,23,Extreme Fear,2018-10-24,
2582,25,Extreme Fear,2018-10-25,
2581,29,Fear,2018-10-26,
2580,33,Fear,2018-10-27,
2579,35,Fear,2018-10-28,
2578,34,Fear,2018-10-29,
2577,31,Fear,2018-10-30,
2576,32,Fear,2018-10-31,
2575,29,Fear,2018-11-01,
2574,36,Fear,2018-11-02,
2573,36,Fear,2018-11-03,
2572,41,Fear,2018-11-04,
2571,42,Fear,2018-11-05,
2570,42,Fear,2018-11-06,
2569,48,Neutral,2018-11-07,
2568,51,Neutral,2018-11-08,
2567,47,Neutral,2018-11-09,
2566,52,Neutral,2018-11-10,
2565,54,Neutral,2018-11-11,
2564,52,Neutral,2018-11-12,
2563,56,Greed,2018-11-13,
2562,49,Neutral,2018-11-14,
2561,28,Fear,2018-11-15,
2560,23,Extreme Fear,2018-11-16,
2559,24,Extreme Fear,2018-11-17,
2558,26,Fear,2018-11-18,
2557,28,Fear,2018-11-19,
2556,21,Extreme Fear,2018-11-20,
2555,15,Extreme Fear,2018-11-21,
2554,14,Extreme Fear,2018-11-22,
2553,12,Extreme Fear,2018-11-23,
2552,15,Extreme Fear,2018-11-24,
2551,9,Extreme Fear,2018-11-25,
2550,17,Extreme Fear,2018-11-26,
2549,11,Extreme Fear,2018-11-27,
2548,14,Extreme Fear,2018-11-28,
2547,18,Extreme Fear,2018-11-29,
2546,19,Extreme Fear,2018-11-30,
2545,13,Extreme Fear,2018-12-01,
2544,15,Extreme Fear,2018-12-02,
2543,17,Extreme Fear,2018-12-03,
2542,12,Extreme Fear,2018-12-04,
2541,19,Extreme Fear,2018-12-05,
2540,13,Extreme Fear,2018-12-06,
2539,11,Extreme Fear,2018-12-07,
2538,11,Extreme Fear,2018-12-08,
2537,14,Extreme Fear,2018-12-09,
2536,19,Extreme Fear,2018-12-10,
2535,15,Extreme Fear,2018-12-11,
2534,14,Extreme Fear,2018-12-12,
2533,14,Extreme Fear,2018-12-13,
2532,10,Extreme Fear,2018-12-14,
2531,11,Extreme Fear,2018-12-15,
2530,13,Extreme Fear,2018-12-16,
2529,17,Extreme Fear,2018-12-17,
2528,23,Extreme Fear,2018-12-18,
2527,21,Extreme Fear,2018-12-19,
2526,27,Fear,2018-12-20,
2525,35,Fear,2018-12-21,
2524,28,Fear,2018-12-22,
2523,31,Fear,2018-12-23,
2522,25,Extreme Fear,2018-12-24,
2521,33,Fear,2018-12-25,
2520,26,Fear,2018-12-26,
2519,29,Fear,2018-12-27,
2518,21,Extreme Fear,2018-12-28,
2517,24,Extreme Fear,2018-12-29,
2516,23,Extreme Fear,2018-12-30,
2515,26,Fear,2018-12-31,
2514,24,Extreme Fear,2019-01-01,
2513,30,Fear,2019-01-02,
2512,33,Fear,2019-01-03,
2511,48,Neutral,2019-01-04,
2510,36,Fear,2019-01-05,
2509,31,Fear,2019-01-06,
2508,39,Fear,2019-01-07,
2507,39,Fear,2019-01-08,
2506,42,Fear,2019-01-09,
2505,37,Fear,2019-01-10,
2504,19,Extreme Fear,2019-01-11,
2503,22,Extreme Fear,2019-01-12,
2502,21,Extreme Fear,2019-01-13,
2501,16,Extreme Fear,2019-01-14,
2500,27,Fear,2019-01-15,
2499,24,Extreme Fear,2019-01-16,
2498,28,Fear,2019-01-17,
2497,29,Fear,2019-01-18,
2496,31,Fear,2019-01-19,
2495,35,Fear,2019-01-20,
2494,30,Fear,2019-01-21,
2493,27,Fear,2019-01-22,
2492,33,Fear,2019-01-23,
2491,37,Fear,2019-01-24,
2490,35,Fear,2019-01-25,
2489,41,Fear,2019-01-26,
2488,39,Fear,2019-01-27,
2487,35,Fear,2019-01-28,
2486,21,Extreme Fear,2019-01-29,
2485,22,Extreme Fear,2019-01-30,
2484,17,Extreme Fear,2019-01-31,
2483,23,Extreme Fear,2019-02-01,
2482,22,Extreme Fear,2019-02-02,
2481,19,Extreme Fear,2019-02-03,
2480,27,Fear,2019-02-04,
2479,21,Extreme Fear,2019-02-05,
2478,14,Extreme Fear,2019-02-06,
2477,18,Extreme Fear,2019-02-07,
2476,37,Fear,2019-02-08,
2475,42,Fear,2019-02-09,
2474,40,Fear,2019-02-10,
2473,46,Fear,2019-02-11,
2472,38,Fear,2019-02-12,
2471,48,Neutral,2019-02-13,
2470,48,Neutral,2019-02-14,
2469,43,Fear,2019-02-15,
2468,43,Fear,2019-02-16,
2467,38,Fear,2019-02-17,
2466,63,Greed,2019-02-18,
2465,65,Greed,2019-02-19,
2464,59,Greed,2019-02-20,
2463,59,Greed,2019-02-21,
2462,61,Greed,2019-02-22,
2461,63,Greed,2019-02-23,
2460,69,Greed,2019-02-24,
2459,47,Neutral,2019-02-25,
2458,40,Fear,2019-02-26,
2457,39,Fear,2019-02-27,
2456,39,Fear,2019-02-28,
2455,42,Fear,2019-03-01,
2454,41,Fear,2019-03-02,
2453,44,Fear,2019-03-03,
2452,36,Fear,2019-03-04,
2451,35,Fear,2019-03-05,
2450,42,Fear,2019-03-06,
2449,56,Greed,2019-03-07,
2448,54,Neutral,2019-03-08,
2447,55,Greed,2019-03-09,
2446,55,Greed,2019-03-10,
2445,56,Greed,2019-03-11,
2444,56,Greed,2019-03-12,
2443,54,Neutral,2019-03-13,
2442,55,Greed,2019-03-14,
2441,55,Greed,2019-03-15,
2440,54,Neutral,2019-03-16,
2439,58,Greed,2019-03-17,
2438,56,Greed,2019-03-18,
2437,56,Greed,2019-03-19,
2436,55,Greed,2019-03-20,
2435,62,Greed,2019-03-21,
2434,56,Greed,2019-03-22,
2433,50,Neutral,2019-03-23,
2432,44,Fear,2019-03-24,
2431,46,Fear,2019-03-25,
2430,43,Fear,2019-03-26,
2429,44,Fear,2019-03-27,
2428,49,Neutral,2019-03-28,
2427,50,Neutral,2019-03-29,
2426,57,Greed,2019-03-30,
2425,56,Greed,2019-03-31,
2424,62,Greed,2019-04-01,
2423,60,Greed,2019-04-02,
2422,71,Greed,2019-04-03,
2421,61,Greed,2019-04-04,
2420,59,Greed,2019-04-05,
2419,65,Greed,2019-04-06,
2418,69,Greed,2019-04-07,
2417,65,Greed,2019-04-08,
2416,64,Greed,2019-04-09,
2415,62,Greed,2019-04-10,
2414,65,Greed,2019-04-11,
2413,42,Fear,2019-04-12,
2412,62,Greed,2019-04-13,
2411,51,Neutral,2019-04-14,
2410,60,Greed,2019-04-15,
2409,50,Neutral,2019-04-16,
2408,61,Greed,2019-04-17,
2407,64,Greed,2019-04-18,
2406,61,Greed,2019-04-19,
2405,62,Greed,2019-04-20,
2404,62,Greed,2019-04-21,
2403,61,Greed,2019-04-22,
2402,68,Greed,2019-04-23,
2401,65,Greed,2019-04-24,
2400,58,Greed,2019-04-25,
2399,41,Fear,2019-04-26,
2398,42,Fear,2019-04-27,
2397,40,Fear,2019-04-28,
2396,42,Fear,2019-04-29,
2395,42,Fear,2019-04-30,
2394,51,Neutral,2019-05-01,
2393,50,Neutral,2019-05-02,
2392,63,Greed,2019-05-03,
2391,66,Greed,2019-05-04,
2390,67,Greed,2019-05-05,
2389,57,Greed,2019-05-06,
2388,69,Greed,2019-05-07,
2387,63,Greed,2019-05-08,
2386,69,Greed,2019-05-09,
2385,71,Greed,2019-05-10,
2384,76,Extreme Greed,2019-05-11,
2383,75,Greed,2019-05-12,
2382,78,Extreme Greed,2019-05-13,
2381,78,Extreme Greed,2019-05-14,
2380,77,Extreme Greed,2019-05-15,
2379,75,Greed,2019-05-16,
2378,65,Greed,2019-05-17,
2377,67,Greed,2019-05-18,
2376,70,Greed,2019-05-19,
2375,73,Greed,2019-05-20,
2374,68,Greed,2019-05-21,
2373,69,Greed,2019-05-22,
2372,65,Greed,2019-05-23,
2371,64,Greed,2019-05-24,
2370,69,Greed,2019-05-25,
2369,67,Greed,2019-05-26,
2368,70,Greed,2019-05-27,
2367,71,Greed,2019-05-28,
2366,71,Greed,2019-05-29,
2365,73,Greed,2019-05-30,
2364,61,Greed,2019-05-31,
2363,62,Greed,2019-06-01,
2362,63,Greed,2019-06-02,
2361,66,Greed,2019-06-03,
2360,42,Fear,2019-06-04,
2359,27,Fear,2019-06-05,
2358,34,Fear,2019-06-06,
2357,27,Fear,2019-06-07,
2356,62,Greed,2019-06-08,
2355,62,Greed,2019-06-09,
2354,46,Fear,2019-06-10,
2353,61,Greed,2019-06-11,
2352,60,Greed,2019-06-12,
2351,63,Greed,2019-06-13,
2350,67,Greed,2019-06-14,
2349,75,Greed,2019-06-15,
2348,80,Extreme Greed,2019-06-16,
2347,84,Extreme Greed,2019-06-17,
2346,83,Extreme Greed,2019-06-18,
2345,82,Extreme Greed,2019-06-19,
2344,81,Extreme Greed,2019-06-20,
2343,84,Extreme Greed,2019-06-21,
2342,83,Extreme Greed,2019-06-22,
2341,84,Extreme Greed,2019-06-23,
2340,80,Extreme Greed,2019-06-24,
2339,87,Extreme Greed,2019-06-25,
2338,95,Extreme Greed,2019-06-26,
2337,92,Extreme Greed,2019-06-27,
2336,62,Greed,2019-06-28,
2335,74,Greed,2019-06-29,
2334,78,Extreme Greed,2019-06-30,
2333,65,Greed,2019-07-01,
2332,63,Greed,2019-07-02,
2331,79,Extreme Greed,2019-07-03,
2330,76,Extreme Greed,2019-07-04,
2329,67,Greed,2019-07-05,
2328,72,Greed,2019-07-06,
2327,67,Greed,2019-07-07,
2326,74,Greed,2019-07-08,
2325,84,Extreme Greed,2019-07-09,
2324,83,Extreme Greed,2019-07-10,
2323,62,Greed,2019-07-11,
2322,33,Fear,2019-07-12,
2321,65,Greed,2019-07-13,
2320,61,Greed,2019-07-14,
2319,16,Extreme Fear,2019-07-15,
2318,34,Fear,2019-07-16,
2317,19,Extreme Fear,2019-07-17,
2316,40,Fear,2019-07-18,
2315,42,Fear,2019-07-19,
2314,34,Fear,2019-07-20,
2313,42,Fear,2019-07-21,
2312,42,Fear,2019-07-22,
2311,40,Fear,2019-07-23,
2310,20,Extreme Fear,2019-07-24,
2309,42,Fear,2019-07-25,
2308,24,Extreme Fear,2019-07-26,
2307,47,Neutral,2019-07-27,
2306,16,Extreme Fear,2019-07-28,
2305,19,Extreme Fear,2019-07-29,
2304,22,Extreme Fear,2019-07-30,
2303,31,Fear,2019-07-31,
2302,57,Greed,2019-08-01,
2301,61,Greed,2019-08-02,
2300,61,Greed,2019-08-03,
2299,62,Greed,2019-08-04,
2298,64,Greed,2019-08-05,
2297,66,Greed,2019-08-06,
2296,45,Fear,2019-08-07,
2295,61,Greed,2019-08-08,
2294,60,Greed,2019-08-09,
2293,59,Greed,2019-08-10,
2292,45,Fear,2019-08-11,
2291,48,Neutral,2019-08-12,
2290,45,Fear,2019-08-13,
2289,11,Extreme Fear,2019-08-14,
2288,13,Extreme Fear,2019-08-15,
2287,31,Fear,2019-08-16,
2286,20,Extreme Fear,2019-08-17,
2285,14,Extreme Fear,2019-08-18,
2284,30,Fear,2019-08-19,
2283,39,Fear,2019-08-20,
2282,11,Extreme Fear,2019-08-21,
2281,5,Extreme Fear,2019-08-22,
2280,33,Fear,2019-08-23,
2279,39,Fear,2019-08-24,
2278,33,Fear,2019-08-25,
2277,41,Fear,2019-08-26,
2276,30,Fear,2019-08-27,
2275,32,Fear,2019-08-28,
2274,20,Extreme Fear,2019-08-29,
2273,24,Extreme Fear,2019-08-30,
2272,20,Extreme Fear,2019-08-31,
2271,24,Extreme Fear,2019-09-01,
2270,28,Fear,2019-09-02,
2269,41,Fear,2019-09-03,
2268,43,Fear,2019-09-04,
2267,41,Fear,2019-09-05,
2266,43,Fear,2019-09-06,
2265,39,Fear,2019-09-07,
2264,43,Fear,2019-09-08,
2263,41,Fear,2019-09-09,
2262,41,Fear,2019-09-10,
2261,38,Fear,2019-09-11,
2260,39,Fear,2019-09-12,
2259,38,Fear,2019-09-13,
2258,39,Fear,2019-09-14,
2257,38,Fear,2019-09-15,
2256,38,Fear,2019-09-16,
2255,41,Fear,2019-09-17,
2254,38,Fear,2019-09-18,
2253,31,Fear,2019-09-19,
2252,41,Fear,2019-09-20,
2251,37,Fear,2019-09-21,
2250,37,Fear,2019-09-22,
2249,41,Fear,2019-09-23,
2248,39,Fear,2019-09-24,
2247,15,Extreme Fear,2019-09-25,
2246,12,Extreme Fear,2019-09-26,
2245,24,Extreme Fear,2019-09-27,
2244,32,Fear,2019-09-28,
2243,33,Fear,2019-09-29,
2242,27,Fear,2019-09-30,
2241,38,Fear,2019-10-01,
2240,39,Fear,2019-10-02,
2239,37,Fear,2019-10-03,
2238,30,Fear,2019-10-04,
2237,31,Fear,2019-10-05,
2236,32,Fear,2019-10-06,
2235,27,Fear,2019-10-07,
2234,39,Fear,2019-10-08,
2233,37,Fear,2019-10-09,
2232,41,Fear,2019-10-10,
2231,39,Fear,2019-10-11,
2230,38,Fear,2019-10-12,
2229,38,Fear,2019-10-13,
2228,37,Fear,2019-10-14,
2227,39,Fear,2019-10-15,
2226,40,Fear,2019-10-16,
2225,40,Fear,2019-10-17,
2224,40,Fear,2019-10-18,
2223,41,Fear,2019-10-19,
2222,37,Fear,2019-10-20,
2221,37,Fear,2019-10-21,
2220,39,Fear,2019-10-22,
2219,33,Fear,2019-10-23,
2218,20,Extreme Fear,2019-10-24,
2217,24,Extreme Fear,2019-10-25,
2216,53,Neutral,2019-10-26,
2215,50,Neutral,2019-10-27,
2214,52,Neutral,2019-10-28,
2213,54,Neutral,2019-10-29,
2212,53,Neutral,2019-10-30,
2211,50,Neutral,2019-10-31,
2210,49,Neutral,2019-11-01,
2209,51,Neutral,2019-11-02,
2208,56,Greed,2019-11-03,
2207,49,Neutral,2019-11-04,
2206,54,Neutral,2019-11-05,
2205,53,Neutral,2019-11-06,
2204,54,Neutral,2019-11-07,
2203,42,Fear,2019-11-08,
2202,38,Fear,2019-11-09,
2201,39,Fear,2019-11-10,
2200,40,Fear,2019-11-11,
2199,39,Fear,2019-11-12,
2198,38,Fear,2019-11-13,
2197,41,Fear,2019-11-14,
2196,38,Fear,2019-11-15,
2195,41,Fear,2019-11-16,
2194,38,Fear,2019-11-17,
2193,38,Fear,2019-11-18,
2192,32,Fear,2019-11-19,
2191,32,Fear,2019-11-20,
2190,30,Fear,2019-11-21,
2189,20,Extreme Fear,2019-11-22,
2188,23,Extreme Fear,2019-11-23,
2187,21,Extreme Fear,2019-11-24,
2186,17,Extreme Fear,2019-11-25,
2185,21,Extreme Fear,2019-11-26,
2184,20,Extreme Fear,2019-11-27,
2183,32,Fear,2019-11-28,
2182,31,Fear,2019-11-29,
2181,38,Fear,2019-11-30,
2180,25,Extreme Fear,2019-12-01,
2179,28,Fear,2019-12-02,
2178,28,Fear,2019-12-03,
2177,24,Extreme Fear,2019-12-04,
2176,21,Extreme Fear,2019-12-05,
2175,29,Fear,2019-12-06,
2174,32,Fear,2019-12-07,
2173,28,Fear,2019-12-08,
2172,32,Fear,2019-12-09,
2171,26,Fear,2019-12-10,
2170,20,Extreme Fear,2019-12-11,
2169,23,Extreme Fear,2019-12-12,
2168,22,Extreme Fear,2019-12-13,
2167,27,Fear,2019-12-14,
2166,21,Extreme Fear,2019-12-15,
2165,24,Extreme Fear,2019-12-16,
2164,23,Extreme Fear,2019-12-17,
2163,15,Extreme Fear,2019-12-18,
2162,21,Extreme Fear,2019-12-19,
2161,23,Extreme Fear,2019-12-20,
2160,23,Extreme Fear,2019-12-21,
2159,20,Extreme Fear,2019-12-22,
2158,33,Fear,2019-12-23,
2157,25,Extreme Fear,2019-12-24,
2156,22,Extreme Fear,2019-12-25,
2155,39,Fear,2019-12-26,
2154,38,Fear,2019-12-27,
2153,37,Fear,2019-12-28,
2152,37,Fear,2019-12-29,
2151,40,Fear,2019-12-30,
2150,38,Fear,2019-12-31,
2149,37,Fear,2020-01-01,
2148,39,Fear,2020-01-02,
2147,38,Fear,2020-01-03,
2146,38,Fear,2020-01-04,
2145,39,Fear,2020-01-05,
2144,41,Fear,2020-01-06,
2143,40,Fear,2020-01-07,
2142,51,Neutral,2020-01-08,
2141,44,Fear,2020-01-09,
2140,41,Fear,2020-01-10,
2139,50,Neutral,2020-01-11,
2138,45,Fear,2020-01-12,
2137,49,Neutral,2020-01-13,
2136,56,Greed,2020-01-14,
2135,54,Neutral,2020-01-15,
2134,55,Greed,2020-01-16,
2133,54,Neutral,2020-01-17,
2132,51,Neutral,2020-01-18,
2131,53,Neutral,2020-01-19,
2130,48,Neutral,2020-01-20,
2129,49,Neutral,2020-01-21,
2128,52,Neutral,2020-01-22,
2127,49,Neutral,2020-01-23,
2126,40,Fear,2020-01-24,
2125,41,Fear,2020-01-25,
2124,42,Fear,2020-01-26,
2123,50,Neutral,2020-01-27,
2122,54,Neutral,2020-01-28,
2121,57,Greed,2020-01-29,
2120,57,Greed,2020-01-30,
2119,55,Greed,2020-01-31,
2118,57,Greed,2020-02-01,
2117,57,Greed,2020-02-02,
2116,59,Greed,2020-02-03,
2115,56,Greed,2020-02-04,
2114,53,Neutral,2020-02-05,
2113,61,Greed,2020-02-06,
2112,56,Greed,2020-02-07,
2111,56,Greed,2020-02-08,
2110,56,Greed,2020-02-09,
2109,57,Greed,2020-02-10,
2108,52,Neutral,2020-02-11,
2107,61,Greed,2020-02-12,
2106,65,Greed,2020-02-13,
2105,63,Greed,2020-02-14,
2104,64,Greed,2020-02-15,
2103,59,Greed,2020-02-16,
2102,49,Neutral,2020-02-17,
2101,53,Neutral,2020-02-18,
2100,50,Neutral,2020-02-19,
2099,44,Fear,2020-02-20,
2098,44,Fear,2020-02-21,
2097,43,Fear,2020-02-22,
2096,46,Fear,2020-02-23,
2095,46,Fear,2020-02-24,
2094,44,Fear,2020-02-25,
2093,41,Fear,2020-02-26,
2092,39,Fear,2020-02-27,
2091,40,Fear,2020-02-28,
2090,38,Fear,2020-02-29,
2089,39,Fear,2020-03-01,
2088,38,Fear,2020-03-02,
2087,38,Fear,2020-03-03,
2086,40,Fear,2020-03-04,
2085,41,Fear,2020-03-05,
2084,39,Fear,2020-03-06,
2083,38,Fear,2020-03-07,
2082,33,Fear,2020-03-08,
2081,17,Extreme Fear,2020-03-09,
2080,16,Extreme Fear,2020-03-10,
2079,17,Extreme Fear,2020-03-11,
2078,14,Extreme Fear,2020-03-12,
2077,10,Extreme Fear,2020-03-13,
2076,8,Extreme Fear,2020-03-14,
2075,12,Extreme Fear,2020-03-15,
2074,9,Extreme Fear,2020-03-16,
2073,8,Extreme Fear,2020-03-17,
2072,11,Extreme Fear,2020-03-18,
2071,12,Extreme Fear,2020-03-19,
2070,9,Extreme Fear,2020-03-20,
2069,9,Extreme Fear,2020-03-21,
2068,11,Extreme Fear,2020-03-22,
2067,10,Extreme Fear,2020-03-23,
2066,12,Extreme Fear,2020-03-24,
2065,13,Extreme Fear,2020-03-25,
2064,14,Extreme Fear,2020-03-26,
2063,12,Extreme Fear,2020-03-27,
2062,8,Extreme Fear,2020-03-28,
2061,12,Extreme Fear,2020-03-29,
2060,10,Extreme Fear,2020-03-30,
2059,12,Extreme Fear,2020-03-31,
2058,12,Extreme Fear,2020-04-01,
2057,14,Extreme Fear,2020-04-02,
2056,14,Extreme Fear,2020-04-03,
2055,12,Extreme Fear,2020-04-04,
2054,12,Extreme Fear,2020-04-05,
2053,12,Extreme Fear,2020-04-06,
2052,20,Extreme Fear,2020-04-07,
2051,21,Extreme Fear,2020-04-08,
2050,22,Extreme Fear,2020-04-09,
2049,15,Extreme Fear,2020-04-10,
2048,15,Extreme Fear,2020-04-11,
2047,10,Extreme Fear,2020-04-12,
2046,11,Extreme Fear,2020-04-13,
2045,15,Extreme Fear,2020-04-14,
2044,18,Extreme Fear,2020-04-15,
2043,13,Extreme Fear,2020-04-16,
2042,15,Extreme Fear,2020-04-17,
2041,18,Extreme Fear,2020-04-18,
2040,16,Extreme Fear,2020-04-19,
2039,15,Extreme Fear,2020-04-20,
2038,17,Extreme Fear,2020-04-21,
2037,19,Extreme Fear,2020-04-22,
2036,19,Extreme Fear,2020-04-23,
2035,20,Extreme Fear,2020-04-24,
2034,24,Extreme Fear,2020-04-25,
2033,21,Extreme Fear,2020-04-26,
2032,28,Fear,2020-04-27,
2031,26,Fear,2020-04-28,
2030,26,Fear,2020-04-29,
2029,44,Fear,2020-04-30,
2028,40,Fear,2020-05-01,
2027,40,Fear,2020-05-02,
2026,45,Fear,2020-05-03,
2025,44,Fear,2020-05-04,
2024,40,Fear,2020-05-05,
2023,42,Fear,2020-05-06,
2022,49,Neutral,2020-05-07,
2021,55,Greed,2020-05-08,
2020,56,Greed,2020-05-09,
2019,48,Neutral,2020-05-10,
2018,40,Fear,2020-05-11,
2017,39,Fear,2020-05-12,
2016,41,Fear,2020-05-13,
2015,40,Fear,2020-05-14,
2014,44,Fear,2020-05-15,
2013,41,Fear,2020-05-16,
2012,40,Fear,2020-05-17,
2011,50,Neutral,2020-05-18,
2010,50,Neutral,2020-05-19,
2009,52,Neutral,2020-05-20,
2008,49,Neutral,2020-05-21,
2007,42,Fear,2020-05-22,
2006,40,Fear,2020-05-23,
2005,43,Fear,2020-05-24,
2004,41,Fear,2020-05-25,
2003,39,Fear,2020-05-26,
2002,39,Fear,2020-05-27,
2001,41,Fear,2020-05-28,
2000,48,Neutral,2020-05-29,
1999,48,Neutral,2020-05-30,
1998,51,Neutral,2020-05-31,
1997,50,Neutral,2020-06-01,
1996,56,Greed,2020-06-02,
1995,48,Neutral,2020-06-03,
1994,54,Neutral,2020-06-04,
1993,53,Neutral,2020-06-05,
1992,54,Neutral,2020-06-06,
1991,54,Neutral,2020-06-07,
1990,53,Neutral,2020-06-08,
1989,52,Neutral,2020-06-09,
1988,54,Neutral,2020-06-10,
1987,52,Neutral,2020-06-11,
1986,38,Fear,2020-06-12,
1985,38,Fear,2020-06-13,
1984,40,Fear,2020-06-14,
1983,37,Fear,2020-06-15,
1982,39,Fear,2020-06-16,
1981,38,Fear,2020-06-17,
1980,40,Fear,2020-06-18,
1979,39,Fear,2020-06-19,
1978,38,Fear,2020-06-20,
1977,37,Fear,2020-06-21,
1976,38,Fear,2020-06-22,
1975,41,Fear,2020-06-23,
1974,50,Neutral,2020-06-24,
1973,43,Fear,2020-06-25,
1972,40,Fear,2020-06-26,
1971,43,Fear,2020-06-27,
1970,40,Fear,2020-06-28,
1969,41,Fear,2020-06-29,
1968,44,Fear,2020-06-30,
1967,42,Fear,2020-07-01,
1966,42,Fear,2020-07-02,
1965,41,Fear,2020-07-03,
1964,40,Fear,2020-07-04,
1963,38,Fear,2020-07-05,
1962,40,Fear,2020-07-06,
1961,43,Fear,2020-07-07,
1960,44,Fear,2020-07-08,
1959,44,Fear,2020-07-09,
1958,41,Fear,2020-07-10,
1957,44,Fear,2020-07-11,
1956,41,Fear,2020-07-12,
1955,43,Fear,2020-07-13,
1954,43,Fear,2020-07-14,
1953,44,Fear,2020-07-15,
1952,43,Fear,2020-07-16,
1951,41,Fear,2020-07-17,
1950,44,Fear,2020-07-18,
1949,41,Fear,2020-07-19,
1948,44,Fear,2020-07-20,
1947,44,Fear,2020-07-21,
1946,50,Neutral,2020-07-22,
1945,55,Greed,2020-07-23,
1944,53,Neutral,2020-07-24,
1943,55,Greed,2020-07-25,
1942,55,Greed,2020-07-26,
1941,58,Greed,2020-07-27,
1940,76,Extreme Greed,2020-07-28,
1939,71,Greed,2020-07-29,
1938,76,Extreme Greed,2020-07-30,
1937,75,Greed,2020-07-31,
1936,75,Greed,2020-08-01,
1935,80,Extreme Greed,2020-08-02,
1934,75,Greed,2020-08-03,
1933,72,Greed,2020-08-04,
1932,75,Greed,2020-08-05,
1931,79,Extreme Greed,2020-08-06,
1930,77,Extreme Greed,2020-08-07,
1929,77,Extreme Greed,2020-08-08,
1928,79,Extreme Greed,2020-08-09,
1927,78,Extreme Greed,2020-08-10,
1926,84,Extreme Greed,2020-08-11,
1925,75,Greed,2020-08-12,
1924,75,Greed,2020-08-13,
1923,78,Extreme Greed,2020-08-14,
1922,79,Extreme Greed,2020-08-15,
1921,82,Extreme Greed,2020-08-16,
1920,83,Extreme Greed,2020-08-17,
1919,82,Extreme Greed,2020-08-18,
1918,80,Extreme Greed,2020-08-19,
1917,75,Greed,2020-08-20,
1916,81,Extreme Greed,2020-08-21,
1915,78,Extreme Greed,2020-08-22,
1914,76,Extreme Greed,2020-08-23,
1913,78,Extreme Greed,2020-08-24,
1912,75,Greed,2020-08-25,
1911,76,Extreme Greed,2020-08-26,
1910,75,Greed,2020-08-27,
1909,74,Greed,2020-08-28,
1908,79,Extreme Greed,2020-08-29,
1907,75,Greed,2020-08-30,
1906,75,Greed,2020-08-31,
1905,75,Greed,2020-09-01,
1904,83,Extreme Greed,2020-09-02,
1903,79,Extreme Greed,2020-09-03,
1902,40,Fear,2020-09-04,
1901,41,Fear,2020-09-05,
1900,41,Fear,2020-09-06,
1899,41,Fear,2020-09-07,
1898,41,Fear,2020-09-08,
1897,38,Fear,2020-09-09,
1896,38,Fear,2020-09-10,
1895,41,Fear,2020-09-11,
1894,41,Fear,2020-09-12,
1893,38,Fear,2020-09-13,
1892,39,Fear,2020-09-14,
1891,47,Neutral,2020-09-15,
1890,43,Fear,2020-09-16,
1889,48,Neutral,2020-09-17,
1888,49,Neutral,2020-09-18,
1887,48,Neutral,2020-09-19,
1886,52,Neutral,2020-09-20,
1885,48,Neutral,2020-09-21,
1884,39,Fear,2020-09-22,
1883,43,Fear,2020-09-23,
1882,39,Fear,2020-09-24,
1881,46,Fear,2020-09-25,
1880,45,Fear,2020-09-26,
1879,47,Neutral,2020-09-27,
1878,43,Fear,2020-09-28,
1877,45,Fear,2020-09-29,
1876,49,Neutral,2020-09-30,
1875,45,Fear,2020-10-01,
1874,41,Fear,2020-10-02,
1873,40,Fear,2020-10-03,
1872,42,Fear,2020-10-04,
1871,42,Fear,2020-10-05,
1870,47,Neutral,2020-10-06,
1869,43,Fear,2020-10-07,
1868,46,Fear,2020-10-08,
1867,48,Neutral,2020-10-09,
1866,53,Neutral,2020-10-10,
1865,55,Greed,2020-10-11,
1864,52,Neutral,2020-10-12,
1863,56,Greed,2020-10-13,
1862,53,Neutral,2020-10-14,
1861,56,Greed,2020-10-15,
1860,52,Neutral,2020-10-16,
1859,56,Greed,2020-10-17,
1858,55,Greed,2020-10-18,
1857,55,Greed,2020-10-19,
1856,56,Greed,2020-10-20,
1855,61,Greed,2020-10-21,
1854,73,Greed,2020-10-22,
1853,74,Greed,2020-10-23,
1852,73,Greed,2020-10-24,
1851,76,Extreme Greed,2020-10-25,
1850,75,Greed,2020-10-26,
1849,61,Greed,2020-10-27,
1848,70,Greed,2020-10-28,
1847,67,Greed,2020-10-29,
1846,74,Greed,2020-10-30,
1845,73,Greed,2020-10-31,
1844,72,Greed,2020-11-01,
1843,71,Greed,2020-11-02,
1842,71,Greed,2020-11-03,
1841,74,Greed,2020-11-04,
1840,72,Greed,2020-11-05,
1839,90,Extreme Greed,2020-11-06,
1838,88,Extreme Greed,2020-11-07,
1837,82,Extreme Greed,2020-11-08,
1836,90,Extreme Greed,2020-11-09,
1835,90,Extreme Greed,2020-11-10,
1834,86,Extreme Greed,2020-11-11,
1833,87,Extreme Greed,2020-11-12,
1832,89,Extreme Greed,2020-11-13,
1831,90,Extreme Greed,2020-11-14,
1830,86,Extreme Greed,2020-11-15,
1829,90,Extreme Greed,2020-11-16,
1828,86,Extreme Greed,2020-11-17,
1827,91,Extreme Greed,2020-11-18,
1826,94,Extreme Greed,2020-11-19,
1825,86,Extreme Greed,2020-11-20,
1824,91,Extreme Greed,2020-11-21,
1823,94,Extreme Greed,2020-11-22,
1822,90,Extreme Greed,2020-11-23,
1821,88,Extreme Greed,2020-11-24,
1820,94,Extreme Greed,2020-11-25,
1819,93,Extreme Greed,2020-11-26,
1818,86,Extreme Greed,2020-11-27,
1817,87,Extreme Greed,2020-11-28,
1816,89,Extreme Greed,2020-11-29,
1815,88,Extreme Greed,2020-11-30,
1814,95,Extreme Greed,2020-12-01,
1813,92,Extreme Greed,2020-12-02,
1812,92,Extreme Greed,2020-12-03,
1811,92,Extreme Greed,2020-12-04,
1810,93,Extreme Greed,2020-12-05,
1809,95,Extreme Greed,2020-12-06,
1808,94,Extreme Greed,2020-12-07,
1807,95,Extreme Greed,2020-12-08,
1806,86,Extreme Greed,2020-12-09,
1805,94,Extreme Greed,2020-12-10,
1804,89,Extreme Greed,2020-12-11,
1803,90,Extreme Greed,2020-12-12,
1802,91,Extreme Greed,2020-12-13,
1801,95,Extreme Greed,2020-12-14,
1800,91,Extreme Greed,2020-12-15,
1799,92,Extreme Greed,2020-12-16,
1798,92,Extreme Greed,2020-12-17,
1797,95,Extreme Greed,2020-12-18,
1796,93,Extreme Greed,2020-12-19,
1795,92,Extreme Greed,2020-12-20,
1794,92,Extreme Greed,2020-12-21,
1793,88,Extreme Greed,2020-12-22,
1792,93,Extreme Greed,2020-12-23,
1791,86,Extreme Greed,2020-12-24,
1790,94,Extreme Greed,2020-12-25,
1789,93,Extreme Greed,2020-12-26,
1788,91,Extreme Greed,2020-12-27,
1787,92,Extreme Greed,2020-12-28,
1786,91,Extreme Greed,2020-12-29,
1785,91,Extreme Greed,2020-12-30,
1784,95,Extreme Greed,2020-12-31,
1783,94,Extreme Greed,2021-01-01,
1782,94,Extreme Greed,2021-01-02,
1781,93,Extreme Greed,2021-01-03,
1780,94,Extreme Greed,2021-01-04,
1779,93,Extreme Greed,2021-01-05,
1778,95,Extreme Greed,2021-01-06,
1777,91,Extreme Greed,2021-01-07,
1776,93,Extreme Greed,2021-01-08,
1775,93,Extreme Greed,2021-01-09,
1774,94,Extreme Greed,2021-01-10,
1773,90,Extreme Greed,2021-01-11,
1772,84,Extreme Greed,2021-01-12,
1771,78,Extreme Greed,2021-01-13,
1770,83,Extreme Greed,2021-01-14,
1769,88,Extreme Greed,2021-01-15,
1768,84,Extreme Greed,2021-01-16,
1767,79,Extreme Greed,2021-01-17,
1766,79,Extreme Greed,2021-01-18,
1765,80,Extreme Greed,2021-01-19,
1764,78,Extreme Greed,2021-01-20,
1763,75,Greed,2021-01-21,
1762,40,Fear,2021-01-22,
1761,74,Greed,2021-01-23,
1760,70,Greed,2021-01-24,
1759,74,Greed,2021-01-25,
1758,71,Greed,2021-01-26,
1757,78,Extreme Greed,2021-01-27,
1756,55,Greed,2021-01-28,
1755,77,Extreme Greed,2021-01-29,
1754,76,Extreme Greed,2021-01-30,
1753,78,Extreme Greed,2021-01-31,
1752,77,Extreme Greed,2021-02-01,
1751,76,Extreme Greed,2021-02-02,
1750,78,Extreme Greed,2021-02-03,
1749,80,Extreme Greed,2021-02-04,
1748,81,Extreme Greed,2021-02-05,
1747,84,Extreme Greed,2021-02-06,
1746,86,Extreme Greed,2021-02-07,
1745,83,Extreme Greed,2021-02-08,
1744,95,Extreme Greed,2021-02-09,
1743,92,Extreme Greed,2021-02-10,
1742,93,Extreme Greed,2021-02-11,
1741,92,Extreme Greed,2021-02-12,
1740,92,Extreme Greed,2021-02-13,
1739,95,Extreme Greed,2021-02-14,
1738,93,Extreme Greed,2021-02-15,
1737,95,Extreme Greed,2021-02-16,
1736,95,Extreme Greed,2021-02-17,
1735,91,Extreme Greed,2021-02-18,
1734,93,Extreme Greed,2021-02-19,
1733,91,Extreme Greed,2021-02-20,
1732,91,Extreme Greed,2021-02-21,
1731,94,Extreme Greed,2021-02-22,
1730,94,Extreme Greed,2021-02-23,
1729,76,Extreme Greed,2021-02-24,
1728,79,Extreme Greed,2021-02-25,
1727,55,Greed,2021-02-26,
1726,56,Greed,2021-02-27,
1725,55,Greed,2021-02-28,
1724,38,Fear,2021-03-01,
1723,78,Extreme Greed,2021-03-02,
1722,78,Extreme Greed,2021-03-03,
1721,84,Extreme Greed,2021-03-04,
1720,77,Extreme Greed,2021-03-05,
1719,77,Extreme Greed,2021-03-06,
1718,76,Extreme Greed,2021-03-07,
1717,81,Extreme Greed,2021-03-08,
1716,81,Extreme Greed,2021-03-09,
1715,68,Greed,2021-03-10,
1714,73,Greed,2021-03-11,
1713,70,Greed,2021-03-12,
1712,74,Greed,2021-03-13,
1711,78,Extreme Greed,2021-03-14,
1710,76,Extreme Greed,2021-03-15,
1709,71,Greed,2021-03-16,
1708,71,Greed,2021-03-17,
1707,72,Greed,2021-03-18,
1706,71,Greed,2021-03-19,
1705,75,Greed,2021-03-20,
1704,73,Greed,2021-03-21,
1703,70,Greed,2021-03-22,
1702,66,Greed,2021-03-23,
1701,65,Greed,2021-03-24,
1700,60,Greed,2021-03-25,
1699,54,Neutral,2021-03-26,
1698,65,Greed,2021-03-27,
1697,74,Greed,2021-03-28,
1696,72,Greed,2021-03-29,
1695,72,Greed,2021-03-30,
1694,76,Extreme Greed,2021-03-31,
1693,74,Greed,2021-04-01,
1692,74,Greed,2021-04-02,
1691,73,Greed,2021-04-03,
1690,74,Greed,2021-04-04,
1689,71,Greed,2021-04-05,
1688,75,Greed,2021-04-06,
1687,72,Greed,2021-04-07,
1686,73,Greed,2021-04-08,
1685,70,Greed,2021-04-09,
1684,70,Greed,2021-04-10,
1683,76,Extreme Greed,2021-04-11,
1682,74,Greed,2021-04-12,
1681,74,Greed,2021-04-13,
1680,75,Greed,2021-04-14,
1679,79,Extreme Greed,2021-04-15,
1678,78,Extreme Greed,2021-04-16,
1677,76,Extreme Greed,2021-04-17,
1676,79,Extreme Greed,2021-04-18,
1675,74,Greed,2021-04-19,
1674,73,Greed,2021-04-20,
1673,73,Greed,2021-04-21,
1672,65,Greed,2021-04-22,
1671,55,Greed,2021-04-23,
1670,37,Fear,2021-04-24,
1669,31,Fear,2021-04-25,
1668,27,Fear,2021-04-26,
1667,50,Neutral,2021-04-27,
1666,59,Greed,2021-04-28,
1665,52,Neutral,2021-04-29,
1664,51,Neutral,2021-04-30,
1663,68,Greed,2021-05-01,
1662,66,Greed,2021-05-02,
1661,61,Greed,2021-05-03,
1660,68,Greed,2021-05-04,
1659,48,Neutral,2021-05-05,
1658,65,Greed,2021-05-06,
1657,64,Greed,2021-05-07,
1656,67,Greed,2021-05-08,
1655,73,Greed,2021-05-09,
1654,72,Greed,2021-05-10,
1653,61,Greed,2021-05-11,
1652,68,Greed,2021-05-12,
1651,31,Fear,2021-05-13,
1650,26,Fear,2021-05-14,
1649,27,Fear,2021-05-15,
1648,20,Extreme Fear,2021-05-16,
1647,27,Fear,2021-05-17,
1646,21,Extreme Fear,2021-05-18,
1645,23,Extreme Fear,2021-05-19,
1644,11,Extreme Fear,2021-05-20,
1643,19,Extreme Fear,2021-05-21,
1642,12,Extreme Fear,2021-05-22,
1641,14,Extreme Fear,2021-05-23,
1640,10,Extreme Fear,2021-05-24,
1639,22,Extreme Fear,2021-05-25,
1638,22,Extreme Fear,2021-05-26,
1637,27,Fear,2021-05-27,
1636,21,Extreme Fear,2021-05-28,
1635,18,Extreme Fear,2021-05-29,
1634,10,Extreme Fear,2021-05-30,
1633,18,Extreme Fear,2021-05-31,
1632,20,Extreme Fear,2021-06-01,
1631,23,Extreme Fear,2021-06-02,
1630,24,Extreme Fear,2021-06-03,
1629,27,Fear,2021-06-04,
1628,24,Extreme Fear,2021-06-05,
1627,17,Extreme Fear,2021-06-06,
1626,15,Extreme Fear,2021-06-07,
1625,13,Extreme Fear,2021-06-08,
1624,14,Extreme Fear,2021-06-09,
1623,21,Extreme Fear,2021-06-10,
1622,21,Extreme Fear,2021-06-11,
1621,28,Fear,2021-06-12,
1620,23,Extreme Fear,2021-06-13,
1619,28,Fear,2021-06-14,
1618,38,Fear,2021-06-15,
1617,33,Fear,2021-06-16,
1616,26,Fear,2021-06-17,
1615,25,Extreme Fear,2021-06-18,
1614,23,Extreme Fear,2021-06-19,
1613,21,Extreme Fear,2021-06-20,
1612,23,Extreme Fear,2021-06-21,
1611,10,Extreme Fear,2021-06-22,
1610,14,Extreme Fear,2021-06-23,
1609,22,Extreme Fear,2021-06-24,
1608,27,Fear,2021-06-25,
1607,20,Extreme Fear,2021-06-26,
1606,22,Extreme Fear,2021-06-27,
1605,25,Extreme Fear,2021-06-28,
1604,25,Extreme Fear,2021-06-29,
1603,28,Fear,2021-06-30,
1602,28,Fear,2021-07-01,
1601,21,Extreme Fear,2021-07-02,
1600,24,Extreme Fear,2021-07-03,
1599,27,Fear,2021-07-04,
1598,29,Fear,2021-07-05,
1597,20,Extreme Fear,2021-07-06,
1596,28,Fear,2021-07-07,
1595,20,Extreme Fear,2021-07-08,
1594,20,Extreme Fear,2021-07-09,
1593,20,Extreme Fear,2021-07-10,
1592,20,Extreme Fear,2021-07-11,
1591,25,Extreme Fear,2021-07-12,
1590,20,Extreme Fear,2021-07-13,
1589,21,Extreme Fear,2021-07-14,
1588,20,Extreme Fear,2021-07-15,
1587,22,Extreme Fear,2021-07-16,
1586,15,Extreme Fear,2021-07-17,
1585,19,Extreme Fear,2021-07-18,
1584,24,Extreme Fear,2021-07-19,
1583,19,Extreme Fear,2021-07-20,
1582,10,Extreme Fear,2021-07-21,
1581,21,Extreme Fear,2021-07-22,
1580,23,Extreme Fear,2021-07-23,
1579,22,Extreme Fear,2021-07-24,
1578,27,Fear,2021-07-25,
1577,26,Fear,2021-07-26,
1576,32,Fear,2021-07-27,
1575,50,Neutral,2021-07-28,
1574,50,Neutral,2021-07-29,
1573,53,Neutral,2021-07-30,
1572,60,Greed,2021-07-31,
1571,60,Greed,2021-08-01,
1570,48,Neutral,2021-08-02,
1569,48,Neutral,2021-08-03,
1568,42,Fear,2021-08-04,
1567,50,Neutral,2021-08-05,
1566,52,Neutral,2021-08-06,
1565,69,Greed,2021-08-07,
1564,74,Greed,2021-08-08,
1563,65,Greed,2021-08-09,
1562,71,Greed,2021-08-10,
1561,70,Greed,2021-08-11,
1560,70,Greed,2021-08-12,
1559,70,Greed,2021-08-13,
1558,76,Extreme Greed,2021-08-14,
1557,71,Greed,2021-08-15,
1556,72,Greed,2021-08-16,
1555,72,Greed,2021-08-17,
1554,73,Greed,2021-08-18,
1553,70,Greed,2021-08-19,
1552,70,Greed,2021-08-20,
1551,78,Extreme Greed,2021-08-21,
1550,76,Extreme Greed,2021-08-22,
1549,79,Extreme Greed,2021-08-23,
1548,79,Extreme Greed,2021-08-24,
1547,73,Greed,2021-08-25,
1546,75,Greed,2021-08-26,
1545,71,Greed,2021-08-27,
1544,78,Extreme Greed,2021-08-28,
1543,72,Greed,2021-08-29,
1542,73,Greed,2021-08-30,
1541,73,Greed,2021-08-31,
1540,71,Greed,2021-09-01,
1539,74,Greed,2021-09-02,
1538,74,Greed,2021-09-03,
1537,72,Greed,2021-09-04,
1536,73,Greed,2021-09-05,
1535,79,Extreme Greed,2021-09-06,
1534,79,Extreme Greed,2021-09-07,
1533,47,Neutral,2021-09-08,
1532,45,Fear,2021-09-09,
1531,46,Fear,2021-09-10,
1530,31,Fear,2021-09-11,
1529,32,Fear,2021-09-12,
1528,44,Fear,2021-09-13,
1527,30,Fear,2021-09-14,
1526,49,Neutral,2021-09-15,
1525,53,Neutral,2021-09-16,
1524,48,Neutral,2021-09-17,
1523,50,Neutral,2021-09-18,
1522,53,Neutral,2021-09-19,
1521,50,Neutral,2021-09-20,
1520,27,Fear,2021-09-21,
1519,21,Extreme Fear,2021-09-22,
1518,27,Fear,2021-09-23,
1517,33,Fear,2021-09-24,
1516,28,Fear,2021-09-25,
1515,27,Fear,2021-09-26,
1514,26,Fear,2021-09-27,
1513,25,Extreme Fear,2021-09-28,
1512,24,Extreme Fear,2021-09-29,
1511,20,Extreme Fear,2021-09-30,
1510,27,Fear,2021-10-01,
1509,54,Neutral,2021-10-02,
1508,49,Neutral,2021-10-03,
1507,54,Neutral,2021-10-04,
1506,59,Greed,2021-10-05,
1505,68,Greed,2021-10-06,
1504,76,Extreme Greed,2021-10-07,
1503,74,Greed,2021-10-08,
1502,72,Greed,2021-10-09,
1501,71,Greed,2021-10-10,
1500,71,Greed,2021-10-11,
1499,78,Extreme Greed,2021-10-12,
1498,70,Greed,2021-10-13,
1497,70,Greed,2021-10-14,
1496,71,Greed,2021-10-15,
1495,78,Extreme Greed,2021-10-16,
1494,79,Extreme Greed,2021-10-17,
1493,78,Extreme Greed,2021-10-18,
1492,75,Greed,2021-10-19,
1491,82,Extreme Greed,2021-10-20,
1490,84,Extreme Greed,2021-10-21,
1489,75,Greed,2021-10-22,
1488,74,Greed,2021-10-23,
1487,73,Greed,2021-10-24,
1486,72,Greed,2021-10-25,
1485,76,Extreme Greed,2021-10-26,
1484,73,Greed,2021-10-27,
1483,66,Greed,2021-10-28,
1482,70,Greed,2021-10-29,
1481,73,Greed,2021-10-30,
1480,74,Greed,2021-10-31,
1479,74,Greed,2021-11-01,
1478,73,Greed,2021-11-02,
1477,76,Extreme Greed,2021-11-03,
1476,73,Greed,2021-11-04,
1475,73,Greed,2021-11-05,
1474,71,Greed,2021-11-06,
1473,73,Greed,2021-11-07,
1472,75,Greed,2021-11-08,
1471,84,Extreme Greed,2021-11-09,
1470,75,Greed,2021-11-10,
1469,77,Extreme Greed,2021-11-11,
1468,74,Greed,2021-11-12,
1467,72,Greed,2021-11-13,
1466,74,Greed,2021-11-14,
1465,72,Greed,2021-11-15,
1464,71,Greed,2021-11-16,
1463,52,Neutral,2021-11-17,
1462,54,Neutral,2021-11-18,
1461,34,Fear,2021-11-19,
1460,43,Fear,2021-11-20,
1459,49,Neutral,2021-11-21,
1458,50,Neutral,2021-11-22,
1457,33,Fear,2021-11-23,
1456,42,Fear,2021-11-24,
1455,32,Fear,2021-11-25,
1454,47,Neutral,2021-11-26,
1453,21,Extreme Fear,2021-11-27,
1452,27,Fear,2021-11-28,
1451,33,Fear,2021-11-29,
1450,40,Fear,2021-11-30,
1449,34,Fear,2021-12-01,
1448,32,Fear,2021-12-02,
1447,31,Fear,2021-12-03,
1446,25,Extreme Fear,2021-12-04,
1445,18,Extreme Fear,2021-12-05,
1444,16,Extreme Fear,2021-12-06,
1443,25,Extreme Fear,2021-12-07,
1442,28,Fear,2021-12-08,
1441,29,Fear,2021-12-09,
1440,24,Extreme Fear,2021-12-10,
1439,16,Extreme Fear,2021-12-11,
1438,27,Fear,2021-12-12,
1437,28,Fear,2021-12-13,
1436,21,Extreme Fear,2021-12-14,
1435,28,Fear,2021-12-15,
1434,29,Fear,2021-12-16,
1433,23,Extreme Fear,2021-12-17,
1432,24,Extreme Fear,2021-12-18,
1431,29,Fear,2021-12-19,
1430,25,Extreme Fear,2021-12-20,
1429,27,Fear,2021-12-21,
1428,45,Fear,2021-12-22,
1427,34,Fear,2021-12-23,
1426,41,Fear,2021-12-24,
1425,39,Fear,2021-12-25,
1424,37,Fear,2021-12-26,
1423,40,Fear,2021-12-27,
1422,41,Fear,2021-12-28,
1421,27,Fear,2021-12-29,
1420,22,Extreme Fear,2021-12-30,
1419,28,Fear,2021-12-31,
1418,21,Extreme Fear,2022-01-01,
1417,29,Fear,2022-01-02,
1416,29,Fear,2022-01-03,
1415,23,Extreme Fear,2022-01-04,
1414,24,Extreme Fear,2022-01-05,
1413,15,Extreme Fear,2022-01-06,
1412,18,Extreme Fear,2022-01-07,
1411,10,Extreme Fear,2022-01-08,
1410,23,Extreme Fear,2022-01-09,
1409,23,Extreme Fear,2022-01-10,
1408,21,Extreme Fear,2022-01-11,
1407,22,Extreme Fear,2022-01-12,
1406,21,Extreme Fear,2022-01-13,
1405,21,Extreme Fear,2022-01-14,
1404,23,Extreme Fear,2022-01-15,
1403,21,Extreme Fear,2022-01-16,
1402,22,Extreme Fear,2022-01-17,
1401,24,Extreme Fear,2022-01-18,
1400,24,Extreme Fear,2022-01-19,
1399,24,Extreme Fear,2022-01-20,
1398,19,Extreme Fear,2022-01-21,
1397,13,Extreme Fear,2022-01-22,
1396,11,Extreme Fear,2022-01-23,
1395,13,Extreme Fear,2022-01-24,
1394,12,Extreme Fear,2022-01-25,
1393,23,Extreme Fear,2022-01-26,
1392,20,Extreme Fear,2022-01-27,
1391,24,Extreme Fear,2022-01-28,
1390,24,Extreme Fear,2022-01-29,
1389,29,Fear,2022-01-30,
1388,20,Extreme Fear,2022-01-31,
1387,26,Fear,2022-02-01,
1386,28,Fear,2022-02-02,
1385,20,Extreme Fear,2022-02-03,
1384,20,Extreme Fear,2022-02-04,
1383,33,Fear,2022-02-05,
1382,37,Fear,2022-02-06,
1381,45,Fear,2022-02-07,
1380,48,Neutral,2022-02-08,
1379,54,Neutral,2022-02-09,
1378,50,Neutral,2022-02-10,
1377,50,Neutral,2022-02-11,
1376,44,Fear,2022-02-12,
1375,44,Fear,2022-02-13,
1374,46,Fear,2022-02-14,
1373,46,Fear,2022-02-15,
1372,51,Neutral,2022-02-16,
1371,52,Neutral,2022-02-17,
1370,30,Fear,2022-02-18,
1369,25,Extreme Fear,2022-02-19,
1368,27,Fear,2022-02-20,
1367,25,Extreme Fear,2022-02-21,
1366,20,Extreme Fear,2022-02-22,
1365,25,Extreme Fear,2022-02-23,
1364,23,Extreme Fear,2022-02-24,
1363,27,Fear,2022-02-25,
1362,26,Fear,2022-02-26,
1361,26,Fear,2022-02-27,
1360,20,Extreme Fear,2022-02-28,
1359,51,Neutral,2022-03-01,
1358,52,Neutral,2022-03-02,
1357,39,Fear,2022-03-03,
1356,33,Fear,2022-03-04,
1355,22,Extreme Fear,2022-03-05,
1354,22,Extreme Fear,2022-03-06,
1353,23,Extreme Fear,2022-03-07,
1352,21,Extreme Fear,2022-03-08,
1351,22,Extreme Fear,2022-03-09,
1350,28,Fear,2022-03-10,
1349,22,Extreme Fear,2022-03-11,
1348,22,Extreme Fear,2022-03-12,
1347,21,Extreme Fear,2022-03-13,
1346,23,Extreme Fear,2022-03-14,
1345,21,Extreme Fear,2022-03-15,
1344,24,Extreme Fear,2022-03-16,
1343,27,Fear,2022-03-17,
1342,25,Extreme Fear,2022-03-18,
1341,28,Fear,2022-03-19,
1340,31,Fear,2022-03-20,
1339,30,Fear,2022-03-21,
1338,26,Fear,2022-03-22,
1337,31,Fear,2022-03-23,
1336,40,Fear,2022-03-24,
1335,47,Neutral,2022-03-25,
1334,51,Neutral,2022-03-26,
1333,49,Neutral,2022-03-27,
1332,60,Greed,2022-03-28,
1331,56,Greed,2022-03-29,
1330,55,Greed,2022-03-30,
1329,52,Neutral,2022-03-31,
1328,50,Neutral,2022-04-01,
1327,52,Neutral,2022-04-02,
1326,48,Neutral,2022-04-03,
1325,52,Neutral,2022-04-04,
1324,53,Neutral,2022-04-05,
1323,48,Neutral,2022-04-06,
1322,34,Fear,2022-04-07,
1321,37,Fear,2022-04-08,
1320,30,Fear,2022-04-09,
1319,34,Fear,2022-04-10,
1318,32,Fear,2022-04-11,
1317,20,Extreme Fear,2022-04-12,
1316,25,Extreme Fear,2022-04-13,
1315,28,Fear,2022-04-14,
1314,22,Extreme Fear,2022-04-15,
1313,28,Fear,2022-04-16,
1312,28,Fear,2022-04-17,
1311,24,Extreme Fear,2022-04-18,
1310,27,Fear,2022-04-19,
1309,27,Fear,2022-04-20,
1308,27,Fear,2022-04-21,
1307,26,Fear,2022-04-22,
1306,24,Extreme Fear,2022-04-23,
1305,24,Extreme Fear,2022-04-24,
1304,23,Extreme Fear,2022-04-25,
1303,27,Fear,2022-04-26,
1302,21,Extreme Fear,2022-04-27,
1301,24,Extreme Fear,2022-04-28,
1300,23,Extreme Fear,2022-04-29,
1299,20,Extreme Fear,2022-04-30,
1298,22,Extreme Fear,2022-05-01,
1297,28,Fear,2022-05-02,
1296,27,Fear,2022-05-03,
1295,21,Extreme Fear,2022-05-04,
1294,27,Fear,2022-05-05,
1293,22,Extreme Fear,2022-05-06,
1292,23,Extreme Fear,2022-05-07,
1291,18,Extreme Fear,2022-05-08,
1290,11,Extreme Fear,2022-05-09,
1289,10,Extreme Fear,2022-05-10,
1288,12,Extreme Fear,2022-05-11,
1287,12,Extreme Fear,2022-05-12,
1286,10,Extreme Fear,2022-05-13,
1285,9,Extreme Fear,2022-05-14,
1284,10,Extreme Fear,2022-05-15,
1283,14,Extreme Fear,2022-05-16,
1282,8,Extreme Fear,2022-05-17,
1281,12,Extreme Fear,2022-05-18,
1280,13,Extreme Fear,2022-05-19,
1279,13,Extreme Fear,2022-05-20,
1278,13,Extreme Fear,2022-05-21,
1277,14,Extreme Fear,2022-05-22,
1276,10,Extreme Fear,2022-05-23,
1275,12,Extreme Fear,2022-05-24,
1274,11,Extreme Fear,2022-05-25,
1273,12,Extreme Fear,2022-05-26,
1272,12,Extreme Fear,2022-05-27,
1271,13,Extreme Fear,2022-05-28,
1270,14,Extreme Fear,2022-05-29,
1269,10,Extreme Fear,2022-05-30,
1268,16,Extreme Fear,2022-05-31,
1267,17,Extreme Fear,2022-06-01,
1266,13,Extreme Fear,2022-06-02,
1265,10,Extreme Fear,2022-06-03,
1264,14,Extreme Fear,2022-06-04,
1263,10,Extreme Fear,2022-06-05,
1262,13,Extreme Fear,2022-06-06,
1261,15,Extreme Fear,2022-06-07,
1260,17,Extreme Fear,2022-06-08,
1259,11,Extreme Fear,2022-06-09,
1258,13,Extreme Fear,2022-06-10,
1257,12,Extreme Fear,2022-06-11,
1256,14,Extreme Fear,2022-06-12,
1255,11,Extreme Fear,2022-06-13,
1254,8,Extreme Fear,2022-06-14,
1253,7,Extreme Fear,2022-06-15,
1252,7,Extreme Fear,2022-06-16,
1251,9,Extreme Fear,2022-06-17,
1250,6,Extreme Fear,2022-06-18,
1249,6,Extreme Fear,2022-06-19,
1248,9,Extreme Fear,2022-06-20,
1247,9,Extreme Fear,2022-06-21,
1246,11,Extreme Fear,2022-06-22,
1245,11,Extreme Fear,2022-06-23,
1244,11,Extreme Fear,2022-06-24,
1243,14,Extreme Fear,2022-06-25,
1242,14,Extreme Fear,2022-06-26,
1241,12,Extreme Fear,2022-06-27,
1240,10,Extreme Fear,2022-06-28,
1239,13,Extreme Fear,2022-06-29,
1238,11,Extreme Fear,2022-06-30,
1237,11,Extreme Fear,2022-07-01,
1236,14,Extreme Fear,2022-07-02,
1235,11,Extreme Fear,2022-07-03,
1234,14,Extreme Fear,2022-07-04,
1233,19,Extreme Fear,2022-07-05,
1232,18,Extreme Fear,2022-07-06,
1231,18,Extreme Fear,2022-07-07,
1230,20,Extreme Fear,2022-07-08,
1229,24,Extreme Fear,2022-07-09,
1228,24,Extreme Fear,2022-07-10,
1227,22,Extreme Fear,2022-07-11,
1226,16,Extreme Fear,2022-07-12,
1225,15,Extreme Fear,2022-07-13,
1224,18,Extreme Fear,2022-07-14,
1223,15,Extreme Fear,2022-07-15,
1222,21,Extreme Fear,2022-07-16,
1221,24,Extreme Fear,2022-07-17,
1220,20,Extreme Fear,2022-07-18,
1219,30,Fear,2022-07-19,
1218,31,Fear,2022-07-20,
1217,34,Fear,2022-07-21,
1216,33,Fear,2022-07-22,
1215,31,Fear,2022-07-23,
1214,30,Fear,2022-07-24,
1213,30,Fear,2022-07-25,
1212,26,Fear,2022-07-26,
1211,28,Fear,2022-07-27,
1210,32,Fear,2022-07-28,
1209,39,Fear,2022-07-29,
1208,42,Fear,2022-07-30,
1207,39,Fear,2022-07-31,
1206,33,Fear,2022-08-01,
1205,31,Fear,2022-08-02,
1204,34,Fear,2022-08-03,
1203,30,Fear,2022-08-04,
1202,31,Fear,2022-08-05,
1201,31,Fear,2022-08-06,
1200,30,Fear,2022-08-07,
1199,30,Fear,2022-08-08,
1198,42,Fear,2022-08-09,
1197,31,Fear,2022-08-10,
1196,41,Fear,2022-08-11,
1195,42,Fear,2022-08-12,
1194,46,Fear,2022-08-13,
1193,47,Neutral,2022-08-14,
1192,45,Fear,2022-08-15,
1191,44,Fear,2022-08-16,
1190,41,Fear,2022-08-17,
1189,30,Fear,2022-08-18,
1188,33,Fear,2022-08-19,
1187,29,Fear,2022-08-20,
1186,27,Fear,2022-08-21,
1185,29,Fear,2022-08-22,
1184,28,Fear,2022-08-23,
1183,25,Extreme Fear,2022-08-24,
1182,25,Extreme Fear,2022-08-25,
1181,27,Fear,2022-08-26,
1180,28,Fear,2022-08-27,
1179,28,Fear,2022-08-28,
1178,24,Extreme Fear,2022-08-29,
1177,27,Fear,2022-08-30,
1176,23,Extreme Fear,2022-08-31,
1175,20,Extreme Fear,2022-09-01,
1174,25,Extreme Fear,2022-09-02,
1173,21,Extreme Fear,2022-09-03,
1172,20,Extreme Fear,2022-09-04,
1171,23,Extreme Fear,2022-09-05,
1170,22,Extreme Fear,2022-09-06,
1169,24,Extreme Fear,2022-09-07,
1168,20,Extreme Fear,2022-09-08,
1167,22,Extreme Fear,2022-09-09,
1166,28,Fear,2022-09-10,
1165,26,Fear,2022-09-11,
1164,25,Extreme Fear,2022-09-12,
1163,34,Fear,2022-09-13,
1162,27,Fear,2022-09-14,
1161,28,Fear,2022-09-15,
1160,20,Extreme Fear,2022-09-16,
1159,22,Extreme Fear,2022-09-17,
1158,27,Fear,2022-09-18,
1157,21,Extreme Fear,2022-09-19,
1156,23,Extreme Fear,2022-09-20,
1155,23,Extreme Fear,2022-09-21,
1154,22,Extreme Fear,2022-09-22,
1153,20,Extreme Fear,2022-09-23,
1152,24,Extreme Fear,2022-09-24,
1151,24,Extreme Fear,2022-09-25,
1150,21,Extreme Fear,2022-09-26,
1149,20,Extreme Fear,2022-09-27,
1148,20,Extreme Fear,2022-09-28,
1147,22,Extreme Fear,2022-09-29,
1146,21,Extreme Fear,2022-09-30,
1145,20,Extreme Fear,2022-10-01,
1144,24,Extreme Fear,2022-10-02,
1143,24,Extreme Fear,2022-10-03,
1142,20,Extreme Fear,2022-10-04,
1141,25,Extreme Fear,2022-10-05,
1140,26,Fear,2022-10-06,
1139,23,Extreme Fear,2022-10-07,
1138,24,Extreme Fear,2022-10-08,
1137,22,Extreme Fear,2022-10-09,
1136,22,Extreme Fear,2022-10-10,
1135,24,Extreme Fear,2022-10-11,
1134,20,Extreme Fear,2022-10-12,
1133,20,Extreme Fear,2022-10-13,
1132,24,Extreme Fear,2022-10-14,
1131,24,Extreme Fear,2022-10-15,
1130,24,Extreme Fear,2022-10-16,
1129,20,Extreme Fear,2022-10-17,
1128,22,Extreme Fear,2022-10-18,
1127,23,Extreme Fear,2022-10-19,
1126,23,Extreme Fear,2022-10-20,
1125,23,Extreme Fear,2022-10-21,
1124,20,Extreme Fear,2022-10-22,
1123,23,Extreme Fear,2022-10-23,
1122,22,Extreme Fear,2022-10-24,
1121,20,Extreme Fear,2022-10-25,
1120,33,Fear,2022-10-26,
1119,32,Fear,2022-10-27,
1118,30,Fear,2022-10-28,
1117,34,Fear,2022-10-29,
1116,34,Fear,2022-10-30,
1115,31,Fear,2022-10-31,
1114,30,Fear,2022-11-01,
1113,30,Fear,2022-11-02,
1112,30,Fear,2022-11-03,
1111,30,Fear,2022-11-04,
1110,38,Fear,2022-11-05,
1109,40,Fear,2022-11-06,
1108,33,Fear,2022-11-07,
1107,31,Fear,2022-11-08,
1106,29,Fear,2022-11-09,
1105,22,Extreme Fear,2022-11-10,
1104,25,Extreme Fear,2022-11-11,
1103,21,Extreme Fear,2022-11-12,
1102,22,Extreme Fear,2022-11-13,
1101,24,Extreme Fear,2022-11-14,
1100,22,Extreme Fear,2022-11-15,
1099,23,Extreme Fear,2022-11-16,
1098,20,Extreme Fear,2022-11-17,
1097,23,Extreme Fear,2022-11-18,
1096,23,Extreme Fear,2022-11-19,
1095,24,Extreme Fear,2022-11-20,
1094,21,Extreme Fear,2022-11-21,
1093,22,Extreme Fear,2022-11-22,
1092,22,Extreme Fear,2022-11-23,
1091,20,Extreme Fear,2022-11-24,
1090,20,Extreme Fear,2022-11-25,
1089,22,Extreme Fear,2022-11-26,
1088,26,Fear,2022-11-27,
1087,28,Fear,2022-11-28,
1086,26,Fear,2022-11-29,
1085,29,Fear,2022-11-30,
1084,27,Fear,2022-12-01,
1083,27,Fear,2022-12-02,
1082,27,Fear,2022-12-03,
1081,26,Fear,2022-12-04,
1080,26,Fear,2022-12-05,
1079,25,Extreme Fear,2022-12-06,
1078,29,Fear,2022-12-07,
1077,25,Extreme Fear,2022-12-08,
1076,26,Fear,2022-12-09,
1075,27,Fear,2022-12-10,
1074,26,Fear,2022-12-11,
1073,27,Fear,2022-12-12,
1072,27,Fear,2022-12-13,
1071,30,Fear,2022-12-14,
1070,31,Fear,2022-12-15,
1069,29,Fear,2022-12-16,
1068,28,Fear,2022-12-17,
1067,26,Fear,2022-12-18,
1066,29,Fear,2022-12-19,
1065,29,Fear,2022-12-20,
1064,26,Fear,2022-12-21,
1063,28,Fear,2022-12-22,
1062,27,Fear,2022-12-23,
1061,29,Fear,2022-12-24,
1060,29,Fear,2022-12-25,
1059,28,Fear,2022-12-26,
1058,27,Fear,2022-12-27,
1057,28,Fear,2022-12-28,
1056,28,Fear,2022-12-29,
1055,28,Fear,2022-12-30,
1054,25,Extreme Fear,2022-12-31,
1053,26,Fear,2023-01-01,
1052,27,Fear,2023-01-02,
1051,26,Fear,2023-01-03,
1050,29,Fear,2023-01-04,
1049,29,Fear,2023-01-05,
1048,26,Fear,2023-01-06,
1047,25,Extreme Fear,2023-01-07,
1046,25,Extreme Fear,2023-01-08,
1045,25,Extreme Fear,2023-01-09,
1044,26,Fear,2023-01-10,
1043,26,Fear,2023-01-11,
1042,30,Fear,2023-01-12,
1041,31,Fear,2023-01-13,
1040,46,Fear,2023-01-14,
1039,52,Neutral,2023-01-15,
1038,45,Fear,2023-01-16,
1037,51,Neutral,2023-01-17,
1036,52,Neutral,2023-01-18,
1035,45,Fear,2023-01-19,
1034,51,Neutral,2023-01-20,
1033,53,Neutral,2023-01-21,
1032,53,Neutral,2023-01-22,
1031,50,Neutral,2023-01-23,
1030,52,Neutral,2023-01-24,
1029,51,Neutral,2023-01-25,
1028,54,Neutral,2023-01-26,
1027,55,Greed,2023-01-27,
1026,52,Neutral,2023-01-28,
1025,55,Greed,2023-01-29,
1024,61,Greed,2023-01-30,
1023,51,Neutral,2023-01-31,
1022,56,Greed,2023-02-01,
1021,60,Greed,2023-02-02,
1020,60,Greed,2023-02-03,
1019,58,Greed,2023-02-04,
1018,58,Greed,2023-02-05,
1017,56,Greed,2023-02-06,
1016,54,Neutral,2023-02-07,
1015,58,Greed,2023-02-08,
1014,55,Greed,2023-02-09,
1013,48,Neutral,2023-02-10,
1012,49,Neutral,2023-02-11,
1011,50,Neutral,2023-02-12,
1010,48,Neutral,2023-02-13,
1009,50,Neutral,2023-02-14,
1008,53,Neutral,2023-02-15,
1007,62,Greed,2023-02-16,
1006,61,Greed,2023-02-17,
1005,60,Greed,2023-02-18,
1004,60,Greed,2023-02-19,
1003,58,Greed,2023-02-20,
1002,60,Greed,2023-02-21,
1001,59,Greed,2023-02-22,
1000,56,Greed,2023-02-23,
999,53,Neutral,2023-02-24,
998,52,Neutral,2023-02-25,
997,51,Neutral,2023-02-26,
996,50,Neutral,2023-02-27,
995,53,Neutral,2023-02-28,
994,50,Neutral,2023-03-01,
993,51,Neutral,2023-03-02,
992,50,Neutral,2023-03-03,
991,50,Neutral,2023-03-04,
990,47,Neutral,2023-03-05,
989,48,Neutral,2023-03-06,
988,49,Neutral,2023-03-07,
987,50,Neutral,2023-03-08,
986,44,Fear,2023-03-09,
985,34,Fear,2023-03-10,
984,33,Fear,2023-03-11,
983,33,Fear,2023-03-12,
982,49,Neutral,2023-03-13,
981,56,Greed,2023-03-14,
980,50,Neutral,2023-03-15,
979,52,Neutral,2023-03-16,
978,51,Neutral,2023-03-17,
977,64,Greed,2023-03-18,
976,63,Greed,2023-03-19,
975,66,Greed,2023-03-20,
974,68,Greed,2023-03-21,
973,62,Greed,2023-03-22,
972,57,Greed,2023-03-23,
971,61,Greed,2023-03-24,
970,64,Greed,2023-03-25,
969,64,Greed,2023-03-26,
968,64,Greed,2023-03-27,
967,59,Greed,2023-03-28,
966,57,Greed,2023-03-29,
965,60,Greed,2023-03-30,
964,63,Greed,2023-03-31,
963,61,Greed,2023-04-01,
962,63,Greed,2023-04-02,
961,63,Greed,2023-04-03,
960,62,Greed,2023-04-04,
959,62,Greed,2023-04-05,
958,63,Greed,2023-04-06,
957,64,Greed,2023-04-07,
956,61,Greed,2023-04-08,
955,61,Greed,2023-04-09,
954,62,Greed,2023-04-10,
953,68,Greed,2023-04-11,
952,65,Greed,2023-04-12,
951,61,Greed,2023-04-13,
950,68,Greed,2023-04-14,
949,68,Greed,2023-04-15,
948,68,Greed,2023-04-16,
947,69,Greed,2023-04-17,
946,58,Greed,2023-04-18,
945,63,Greed,2023-04-19,
944,52,Neutral,2023-04-20,
943,50,Neutral,2023-04-21,
942,53,Neutral,2023-04-22,
941,56,Greed,2023-04-23,
940,53,Neutral,2023-04-24,
939,53,Neutral,2023-04-25,
938,56,Greed,2023-04-26,
937,59,Greed,2023-04-27,
936,64,Greed,2023-04-28,
935,64,Greed,2023-04-29,
934,60,Greed,2023-04-30,
933,63,Greed,2023-05-01,
932,55,Greed,2023-05-02,
931,64,Greed,2023-05-03,
930,64,Greed,2023-05-04,
929,61,Greed,2023-05-05,
928,60,Greed,2023-05-06,
927,64,Greed,2023-05-07,
926,60,Greed,2023-05-08,
925,51,Neutral,2023-05-09,
924,52,Neutral,2023-05-10,
923,52,Neutral,2023-05-11,
922,49,Neutral,2023-05-12,
921,48,Neutral,2023-05-13,
920,48,Neutral,2023-05-14,
919,50,Neutral,2023-05-15,
918,54,Neutral,2023-05-16,
917,50,Neutral,2023-05-17,
916,51,Neutral,2023-05-18,
915,48,Neutral,2023-05-19,
914,48,Neutral,2023-05-20,
913,52,Neutral,2023-05-21,
912,49,Neutral,2023-05-22,
911,50,Neutral,2023-05-23,
910,50,Neutral,2023-05-24,
909,51,Neutral,2023-05-25,
908,49,Neutral,2023-05-26,
907,48,Neutral,2023-05-27,
906,50,Neutral,2023-05-28,
905,52,Neutral,2023-05-29,
904,51,Neutral,2023-05-30,
903,51,Neutral,2023-05-31,
902,52,Neutral,2023-06-01,
901,50,Neutral,2023-06-02,
900,53,Neutral,2023-06-03,
899,52,Neutral,2023-06-04,
898,53,Neutral,2023-06-05,
897,44,Fear,2023-06-06,
896,53,Neutral,2023-06-07,
895,50,Neutral,2023-06-08,
894,50,Neutral,2023-06-09,
893,49,Neutral,2023-06-10,
892,47,Neutral,2023-06-11,
891,47,Neutral,2023-06-12,
890,45,Fear,2023-06-13,
889,46,Fear,2023-06-14,
888,41,Fear,2023-06-15,
887,47,Neutral,2023-06-16,
886,47,Neutral,2023-06-17,
885,49,Neutral,2023-06-18,
884,47,Neutral,2023-06-19,
883,49,Neutral,2023-06-20,
882,59,Greed,2023-06-21,
881,65,Greed,2023-06-22,
880,65,Greed,2023-06-23,
879,62,Greed,2023-06-24,
878,64,Greed,2023-06-25,
877,55,Greed,2023-06-26,
876,59,Greed,2023-06-27,
875,62,Greed,2023-06-28,
874,54,Neutral,2023-06-29,
873,56,Greed,2023-06-30,
872,59,Greed,2023-07-01,
871,63,Greed,2023-07-02,
870,62,Greed,2023-07-03,
869,64,Greed,2023-07-04,
868,61,Greed,2023-07-05,
867,56,Greed,2023-07-06,
866,55,Greed,2023-07-07,
865,58,Greed,2023-07-08,
864,55,Greed,2023-07-09,
863,56,Greed,2023-07-10,
862,57,Greed,2023-07-11,
861,64,Greed,2023-07-12,
860,57,Greed,2023-07-13,
859,60,Greed,2023-07-14,
858,56,Greed,2023-07-15,
857,57,Greed,2023-07-16,
856,54,Neutral,2023-07-17,
855,56,Greed,2023-07-18,
854,50,Neutral,2023-07-19,
853,56,Greed,2023-07-20,
852,50,Neutral,2023-07-21,
851,52,Neutral,2023-07-22,
850,54,Neutral,2023-07-23,
849,55,Greed,2023-07-24,
848,50,Neutral,2023-07-25,
847,51,Neutral,2023-07-26,
846,51,Neutral,2023-07-27,
845,52,Neutral,2023-07-28,
844,52,Neutral,2023-07-29,
843,52,Neutral,2023-07-30,
842,50,Neutral,2023-07-31,
841,53,Neutral,2023-08-01,
840,53,Neutral,2023-08-02,
839,52,Neutral,2023-08-03,
838,54,Neutral,2023-08-04,
837,50,Neutral,2023-08-05,
836,49,Neutral,2023-08-06,
835,49,Neutral,2023-08-07,
834,54,Neutral,2023-08-08,
833,50,Neutral,2023-08-09,
832,53,Neutral,2023-08-10,
831,51,Neutral,2023-08-11,
830,54,Neutral,2023-08-12,
829,54,Neutral,2023-08-13,
828,50,Neutral,2023-08-14,
827,53,Neutral,2023-08-15,
826,52,Neutral,2023-08-16,
825,50,Neutral,2023-08-17,
824,37,Fear,2023-08-18,
823,39,Fear,2023-08-19,
822,37,Fear,2023-08-20,
821,38,Fear,2023-08-21,
820,37,Fear,2023-08-22,
819,37,Fear,2023-08-23,
818,41,Fear,2023-08-24,
817,39,Fear,2023-08-25,
816,38,Fear,2023-08-26,
815,38,Fear,2023-08-27,
814,39,Fear,2023-08-28,
813,39,Fear,2023-08-29,
812,49,Neutral,2023-08-30,
811,52,Neutral,2023-08-31,
810,40,Fear,2023-09-01,
809,39,Fear,2023-09-02,
808,40,Fear,2023-09-03,
807,40,Fear,2023-09-04,
806,40,Fear,2023-09-05,
805,42,Fear,2023-09-06,
804,41,Fear,2023-09-07,
803,46,Fear,2023-09-08,
802,41,Fear,2023-09-09,
801,40,Fear,2023-09-10,
800,40,Fear,2023-09-11,
799,30,Fear,2023-09-12,
798,41,Fear,2023-09-13,
797,45,Fear,2023-09-14,
796,45,Fear,2023-09-15,
795,43,Fear,2023-09-16,
794,46,Fear,2023-09-17,
793,46,Fear,2023-09-18,
792,46,Fear,2023-09-19,
791,47,Neutral,2023-09-20,
790,47,Neutral,2023-09-21,
789,43,Fear,2023-09-22,
788,47,Neutral,2023-09-23,
787,44,Fear,2023-09-24,
786,47,Neutral,2023-09-25,
785,46,Fear,2023-09-26,
784,44,Fear,2023-09-27,
783,46,Fear,2023-09-28,
782,48,Neutral,2023-09-29,
781,47,Neutral,2023-09-30,
780,48,Neutral,2023-10-01,
779,50,Neutral,2023-10-02,
778,50,Neutral,2023-10-03,
777,49,Neutral,2023-10-04,
776,48,Neutral,2023-10-05,
775,50,Neutral,2023-10-06,
774,49,Neutral,2023-10-07,
773,50,Neutral,2023-10-08,
772,50,Neutral,2023-10-09,
771,50,Neutral,2023-10-10,
770,47,Neutral,2023-10-11,
769,45,Fear,2023-10-12,
768,44,Fear,2023-10-13,
767,47,Neutral,2023-10-14,
766,45,Fear,2023-10-15,
765,47,Neutral,2023-10-16,
764,52,Neutral,2023-10-17,
763,50,Neutral,2023-10-18,
762,52,Neutral,2023-10-19,
761,53,Neutral,2023-10-20,
760,63,Greed,2023-10-21,
759,53,Neutral,2023-10-22,
758,53,Neutral,2023-10-23,
757,66,Greed,2023-10-24,
756,72,Greed,2023-10-25,
755,71,Greed,2023-10-26,
754,70,Greed,2023-10-27,
753,65,Greed,2023-10-28,
752,72,Greed,2023-10-29,
751,68,Greed,2023-10-30,
750,66,Greed,2023-10-31,
749,66,Greed,2023-11-01,
748,72,Greed,2023-11-02,
747,65,Greed,2023-11-03,
746,68,Greed,2023-11-04,
745,70,Greed,2023-11-05,
744,74,Greed,2023-11-06,
743,68,Greed,2023-11-07,
742,66,Greed,2023-11-08,
741,69,Greed,2023-11-09,
740,70,Greed,2023-11-10,
739,70,Greed,2023-11-11,
738,73,Greed,2023-11-12,
737,72,Greed,2023-11-13,
736,69,Greed,2023-11-14,
735,60,Greed,2023-11-15,
734,70,Greed,2023-11-16,
733,63,Greed,2023-11-17,
732,69,Greed,2023-11-18,
731,66,Greed,2023-11-19,
730,69,Greed,2023-11-20,
729,71,Greed,2023-11-21,
728,62,Greed,2023-11-22,
727,66,Greed,2023-11-23,
726,66,Greed,2023-11-24,
725,73,Greed,2023-11-25,
724,73,Greed,2023-11-26,
723,66,Greed,2023-11-27,
722,68,Greed,2023-11-28,
721,72,Greed,2023-11-29,
720,74,Greed,2023-11-30,
719,71,Greed,2023-12-01,
718,74,Greed,2023-12-02,
717,73,Greed,2023-12-03,
716,74,Greed,2023-12-04,
715,75,Greed,2023-12-05,
714,72,Greed,2023-12-06,
713,72,Greed,2023-12-07,
712,72,Greed,2023-12-08,
711,73,Greed,2023-12-09,
710,74,Greed,2023-12-10,
709,74,Greed,2023-12-11,
708,67,Greed,2023-12-12,
707,65,Greed,2023-12-13,
706,72,Greed,2023-12-14,
705,70,Greed,2023-12-15,
704,67,Greed,2023-12-16,
703,73,Greed,2023-12-17,
702,65,Greed,2023-12-18,
701,73,Greed,2023-12-19,
700,74,Greed,2023-12-20,
699,70,Greed,2023-12-21,
698,74,Greed,2023-12-22,
697,70,Greed,2023-12-23,
696,71,Greed,2023-12-24,
695,73,Greed,2023-12-25,
694,71,Greed,2023-12-26,
693,73,Greed,2023-12-27,
692,73,Greed,2023-12-28,
691,65,Greed,2023-12-29,
690,68,Greed,2023-12-30,
689,67,Greed,2023-12-31,
688,65,Greed,2024-01-01,
687,71,Greed,2024-01-02,
686,70,Greed,2024-01-03,
685,68,Greed,2024-01-04,
684,72,Greed,2024-01-05,
683,70,Greed,2024-01-06,
682,71,Greed,2024-01-07,
681,71,Greed,2024-01-08,
680,76,Extreme Greed,2024-01-09,
679,73,Greed,2024-01-10,
678,76,Extreme Greed,2024-01-11,
677,71,Greed,2024-01-12,
676,64,Greed,2024-01-13,
675,60,Greed,2024-01-14,
674,52,Neutral,2024-01-15,
673,64,Greed,2024-01-16,
672,60,Greed,2024-01-17,
671,63,Greed,2024-01-18,
670,51,Neutral,2024-01-19,
669,52,Neutral,2024-01-20,
668,56,Greed,2024-01-21,
667,55,Greed,2024-01-22,
666,50,Neutral,2024-01-23,
665,48,Neutral,2024-01-24,
664,52,Neutral,2024-01-25,
663,49,Neutral,2024-01-26,
662,55,Greed,2024-01-27,
661,54,Neutral,2024-01-28,
660,55,Greed,2024-01-29,
659,61,Greed,2024-01-30,
658,60,Greed,2024-01-31,
657,63,Greed,2024-02-01,
656,63,Greed,2024-02-02,
655,60,Greed,2024-02-03,
654,60,Greed,2024-02-04,
653,60,Greed,2024-02-05,
652,64,Greed,2024-02-06,
651,62,Greed,2024-02-07,
650,66,Greed,2024-02-08,
649,72,Greed,2024-02-09,
648,74,Greed,2024-02-10,
647,71,Greed,2024-02-11,
646,70,Greed,2024-02-12,
645,79,Extreme Greed,2024-02-13,
644,74,Greed,2024-02-14,
643,72,Greed,2024-02-15,
642,72,Greed,2024-02-16,
641,76,Extreme Greed,2024-02-17,
640,72,Greed,2024-02-18,
639,75,Greed,2024-02-19,
638,72,Greed,2024-02-20,
637,78,Extreme Greed,2024-02-21,
636,74,Greed,2024-02-22,
635,76,Extreme Greed,2024-02-23,
634,72,Greed,2024-02-24,
633,74,Greed,2024-02-25,
632,72,Greed,2024-02-26,
631,79,Extreme Greed,2024-02-27,
630,82,Extreme Greed,2024-02-28,
629,80,Extreme Greed,2024-02-29,
628,80,Extreme Greed,2024-03-01,
627,80,Extreme Greed,2024-03-02,
626,83,Extreme Greed,2024-03-03,
625,82,Extreme Greed,2024-03-04,
624,90,Extreme Greed,2024-03-05,
623,75,Greed,2024-03-06,
622,82,Extreme Greed,2024-03-07,
621,81,Extreme Greed,2024-03-08,
620,84,Extreme Greed,2024-03-09,
619,79,Extreme Greed,2024-03-10,
618,82,Extreme Greed,2024-03-11,
617,81,Extreme Greed,2024-03-12,
616,81,Extreme Greed,2024-03-13,
615,88,Extreme Greed,2024-03-14,
614,83,Extreme Greed,2024-03-15,
613,81,Extreme Greed,2024-03-16,
612,79,Extreme Greed,2024-03-17,
611,77,Extreme Greed,2024-03-18,
610,79,Extreme Greed,2024-03-19,
609,74,Greed,2024-03-20,
608,78,Extreme Greed,2024-03-21,
607,75,Greed,2024-03-22,
606,73,Greed,2024-03-23,
605,74,Greed,2024-03-24,
604,75,Greed,2024-03-25,
603,81,Extreme Greed,2024-03-26,
602,83,Extreme Greed,2024-03-27,
601,80,Extreme Greed,2024-03-28,
600,79,Extreme Greed,2024-03-29,
599,75,Greed,2024-03-30,
598,75,Greed,2024-03-31,
597,79,Extreme Greed,2024-04-01,
596,79,Extreme Greed,2024-04-02,
595,71,Greed,2024-04-03,
594,70,Greed,2024-04-04,
593,79,Extreme Greed,2024-04-05,
592,75,Greed,2024-04-06,
591,78,Extreme Greed,2024-04-07,
590,76,Extreme Greed,2024-04-08,
589,80,Extreme Greed,2024-04-09,
588,78,Extreme Greed,2024-04-10,
587,76,Extreme Greed,2024-04-11,
586,79,Extreme Greed,2024-04-12,
585,72,Greed,2024-04-13,
584,72,Greed,2024-04-14,
583,74,Greed,2024-04-15,
582,65,Greed,2024-04-16,
581,67,Greed,2024-04-17,
580,57,Greed,2024-04-18,
579,66,Greed,2024-04-19,
578,66,Greed,2024-04-20,
577,72,Greed,2024-04-21,
576,73,Greed,2024-04-22,
575,71,Greed,2024-04-23,
574,72,Greed,2024-04-24,
573,72,Greed,2024-04-25,
572,70,Greed,2024-04-26,
571,67,Greed,2024-04-27,
570,65,Greed,2024-04-28,
569,67,Greed,2024-04-29,
568,67,Greed,2024-04-30,
567,54,Neutral,2024-05-01,
566,43,Fear,2024-05-02,
565,48,Neutral,2024-05-03,
564,67,Greed,2024-05-04,
563,69,Greed,2024-05-05,
562,71,Greed,2024-05-06,
561,68,Greed,2024-05-07,
560,64,Greed,2024-05-08,
559,55,Greed,2024-05-09,
558,66,Greed,2024-05-10,
557,53,Neutral,2024-05-11,
556,56,Greed,2024-05-12,
555,57,Greed,2024-05-13,
554,66,Greed,2024-05-14,
553,64,Greed,2024-05-15,
552,70,Greed,2024-05-16,
551,74,Greed,2024-05-17,
550,73,Greed,2024-05-18,
549,72,Greed,2024-05-19,
548,70,Greed,2024-05-20,
547,76,Extreme Greed,2024-05-21,
546,76,Extreme Greed,2024-05-22,
545,76,Extreme Greed,2024-05-23,
544,74,Greed,2024-05-24,
543,76,Extreme Greed,2024-05-25,
542,75,Greed,2024-05-26,
541,74,Greed,2024-05-27,
540,72,Greed,2024-05-28,
539,72,Greed,2024-05-29,
538,73,Greed,2024-05-30,
537,73,Greed,2024-05-31,
536,72,Greed,2024-06-01,
535,73,Greed,2024-06-02,
534,73,Greed,2024-06-03,
533,73,Greed,2024-06-04,
532,75,Greed,2024-06-05,
531,78,Extreme Greed,2024-06-06,
530,77,Extreme Greed,2024-06-07,
529,72,Greed,2024-06-08,
528,75,Greed,2024-06-09,
527,72,Greed,2024-06-10,
526,74,Greed,2024-06-11,
525,72,Greed,2024-06-12,
524,70,Greed,2024-06-13,
523,74,Greed,2024-06-14,
522,74,Greed,2024-06-15,
521,71,Greed,2024-06-16,
520,71,Greed,2024-06-17,
519,74,Greed,2024-06-18,
518,64,Greed,2024-06-19,
517,60,Greed,2024-06-20,
516,63,Greed,2024-06-21,
515,53,Neutral,2024-06-22,
514,55,Greed,2024-06-23,
513,51,Neutral,2024-06-24,
512,30,Fear,2024-06-25,
511,46,Fear,2024-06-26,
510,40,Fear,2024-06-27,
509,47,Neutral,2024-06-28,
508,30,Fear,2024-06-29,
507,47,Neutral,2024-06-30,
506,53,Neutral,2024-07-01,
505,51,Neutral,2024-07-02,
504,50,Neutral,2024-07-03,
503,44,Fear,2024-07-04,
502,29,Fear,2024-07-05,
501,26,Fear,2024-07-06,
500,29,Fear,2024-07-07,
499,28,Fear,2024-07-08,
498,27,Fear,2024-07-09,
497,28,Fear,2024-07-10,
496,29,Fear,2024-07-11,
495,25,Extreme Fear,2024-07-12,
494,25,Extreme Fear,2024-07-13,
493,33,Fear,2024-07-14,
492,52,Neutral,2024-07-15,
491,65,Greed,2024-07-16,
490,69,Greed,2024-07-17,
489,61,Greed,2024-07-18,
488,60,Greed,2024-07-19,
487,74,Greed,2024-07-20,
486,74,Greed,2024-07-21,
485,70,Greed,2024-07-22,
484,71,Greed,2024-07-23,
483,69,Greed,2024-07-24,
482,68,Greed,2024-07-25,
481,68,Greed,2024-07-26,
480,72,Greed,2024-07-27,
479,71,Greed,2024-07-28,
478,74,Greed,2024-07-29,
477,67,Greed,2024-07-30,
476,61,Greed,2024-07-31,
475,52,Neutral,2024-08-01,
474,57,Greed,2024-08-02,
473,37,Fear,2024-08-03,
472,34,Fear,2024-08-04,
471,26,Fear,2024-08-05,
470,17,Extreme Fear,2024-08-06,
469,29,Fear,2024-08-07,
468,20,Extreme Fear,2024-08-08,
467,48,Neutral,2024-08-09,
466,40,Fear,2024-08-10,
465,39,Fear,2024-08-11,
464,25,Extreme Fear,2024-08-12,
463,31,Fear,2024-08-13,
462,30,Fear,2024-08-14,
461,29,Fear,2024-08-15,
460,27,Fear,2024-08-16,
459,25,Extreme Fear,2024-08-17,
458,31,Fear,2024-08-18,
457,28,Fear,2024-08-19,
456,30,Fear,2024-08-20,
455,26,Fear,2024-08-21,
454,39,Fear,2024-08-22,
453,34,Fear,2024-08-23,
452,56,Greed,2024-08-24,
451,54,Neutral,2024-08-25,
450,55,Greed,2024-08-26,
449,48,Neutral,2024-08-27,
448,30,Fear,2024-08-28,
447,29,Fear,2024-08-29,
446,34,Fear,2024-08-30,
445,29,Fear,2024-08-31,
444,26,Fear,2024-09-01,
443,26,Fear,2024-09-02,
442,26,Fear,2024-09-03,
441,27,Fear,2024-09-04,
440,29,Fear,2024-09-05,
439,22,Extreme Fear,2024-09-06,
438,23,Extreme Fear,2024-09-07,
437,29,Fear,2024-09-08,
436,26,Fear,2024-09-09,
435,33,Fear,2024-09-10,
434,37,Fear,2024-09-11,
433,31,Fear,2024-09-12,
432,32,Fear,2024-09-13,
431,50,Neutral,2024-09-14,
430,51,Neutral,2024-09-15,
429,39,Fear,2024-09-16,
428,33,Fear,2024-09-17,
427,45,Fear,2024-09-18,
426,49,Neutral,2024-09-19,
425,54,Neutral,2024-09-20,
424,54,Neutral,2024-09-21,
423,52,Neutral,2024-09-22,
422,50,Neutral,2024-09-23,
421,54,Neutral,2024-09-24,
420,59,Greed,2024-09-25,
419,50,Neutral,2024-09-26,
418,61,Greed,2024-09-27,
417,64,Greed,2024-09-28,
416,63,Greed,2024-09-29,
415,61,Greed,2024-09-30,
414,50,Neutral,2024-10-01,
413,42,Fear,2024-10-02,
412,37,Fear,2024-10-03,
411,41,Fear,2024-10-04,
410,49,Neutral,2024-10-05,
409,50,Neutral,2024-10-06,
408,50,Neutral,2024-10-07,
407,49,Neutral,2024-10-08,
406,49,Neutral,2024-10-09,
405,39,Fear,2024-10-10,
404,32,Fear,2024-10-11,
403,49,Neutral,2024-10-12,
402,50,Neutral,2024-10-13,
401,48,Neutral,2024-10-14,
400,65,Greed,2024-10-15,
399,73,Greed,2024-10-16,
398,71,Greed,2024-10-17,
397,73,Greed,2024-10-18,
396,72,Greed,2024-10-19,
395,73,Greed,2024-10-20,
394,72,Greed,2024-10-21,
393,70,Greed,2024-10-22,
392,71,Greed,2024-10-23,
391,69,Greed,2024-10-24,
390,72,Greed,2024-10-25,
389,74,Greed,2024-10-27,
388,72,Greed,2024-10-28,
387,72,Greed,2024-10-29,
386,77,Extreme Greed,2024-10-30,
385,77,Extreme Greed,2024-10-31,
384,75,Greed,2024-11-01,
383,72,Greed,2024-11-02,
382,74,Greed,2024-11-03,
381,70,Greed,2024-11-04,
380,70,Greed,2024-11-05,
379,70,Greed,2024-11-06,
378,77,Extreme Greed,2024-11-07,
377,75,Greed,2024-11-08,
376,75,Greed,2024-11-09,
375,78,Extreme Greed,2024-11-10,
374,76,Extreme Greed,2024-11-11,
373,80,Extreme Greed,2024-11-12,
372,84,Extreme Greed,2024-11-13,
371,88,Extreme Greed,2024-11-14,
370,80,Extreme Greed,2024-11-15,
369,86,Extreme Greed,2024-11-16,
368,90,Extreme Greed,2024-11-17,
367,83,Extreme Greed,2024-11-18,
366,90,Extreme Greed,2024-11-19,
365,83,Extreme Greed,2024-11-20,
364,82,Extreme Greed,2024-11-21,
363,94,Extreme Greed,2024-11-22,
362,93,Extreme Greed,2024-11-23,
361,80,Extreme Greed,2024-11-24,
360,82,Extreme Greed,2024-11-25,
359,79,Extreme Greed,2024-11-26,
358,75,Greed,2024-11-27,
357,77,Extreme Greed,2024-11-28,
356,78,Extreme Greed,2024-11-29,
355,84,Extreme Greed,2024-11-30,
354,81,Extreme Greed,2024-12-01,
353,80,Extreme Greed,2024-12-02,
352,76,Extreme Greed,2024-12-03,
351,78,Extreme Greed,2024-12-04,
350,84,Extreme Greed,2024-12-05,
349,72,Greed,2024-12-06,
348,75,Greed,2024-12-07,
347,79,Extreme Greed,2024-12-08,
346,78,Extreme Greed,2024-12-09,
345,78,Extreme Greed,2024-12-10,
344,74,Greed,2024-12-11,
343,83,Extreme Greed,2024-12-12,
342,76,Extreme Greed,2024-12-13,
341,83,Extreme Greed,2024-12-14,
340,80,Extreme Greed,2024-12-15,
339,83,Extreme Greed,2024-12-16,
338,87,Extreme Greed,2024-12-17,
337,81,Extreme Greed,2024-12-18,
336,75,Greed,2024-12-19,
335,74,Greed,2024-12-20,
334,73,Greed,2024-12-21,
333,73,Greed,2024-12-22,
332,70,Greed,2024-12-23,
331,73,Greed,2024-12-24,
330,73,Greed,2024-12-25,
329,79,Extreme Greed,2024-12-26,
328,74,Greed,2024-12-27,
327,72,Greed,2024-12-28,
326,73,Greed,2024-12-29,
325,65,Greed,2024-12-30,
324,64,Greed,2024-12-31,
323,66,Greed,2025-01-01,
322,70,Greed,2025-01-02,
321,74,Greed,2025-01-03,
320,73,Greed,2025-01-04,
319,72,Greed,2025-01-05,
318,76,Extreme Greed,2025-01-06,
317,78,Extreme Greed,2025-01-07,
316,70,Greed,2025-01-08,
315,69,Greed,2025-01-09,
314,50,Neutral,2025-01-10,
313,69,Greed,2025-01-11,
312,62,Greed,2025-01-12,
311,61,Greed,2025-01-13,
310,63,Greed,2025-01-14,
309,70,Greed,2025-01-15,
308,75,Greed,2025-01-16,
307,75,Greed,2025-01-17,
306,77,Extreme Greed,2025-01-18,
305,77,Extreme Greed,2025-01-19,
304,76,Extreme Greed,2025-01-20,
303,76,Extreme Greed,2025-01-21,
302,84,Extreme Greed,2025-01-22,
301,75,Greed,2025-01-23,
300,75,Greed,2025-01-24,
299,75,Greed,2025-01-25,
298,73,Greed,2025-01-26,
297,71,Greed,2025-01-27,
296,72,Greed,2025-01-28,
295,72,Greed,2025-01-29,
294,70,Greed,2025-01-30,
293,76,Extreme Greed,2025-01-31,
292,68,Greed,2025-02-01,
291,60,Greed,2025-02-02,
290,44,Fear,2025-02-03,
289,72,Greed,2025-02-04,
288,54,Neutral,2025-02-05,
287,49,Neutral,2025-02-06,
286,44,Fear,2025-02-07,
285,44,Fear,2025-02-08,
284,46,Fear,2025-02-09,
283,43,Fear,2025-02-10,
282,47,Neutral,2025-02-11,
281,46,Fear,2025-02-12,
280,50,Neutral,2025-02-13,
279,48,Neutral,2025-02-14,
278,50,Neutral,2025-02-15,
277,54,Neutral,2025-02-16,
276,51,Neutral,2025-02-17,
275,47,Neutral,2025-02-18,
274,44,Fear,2025-02-19,
273,49,Neutral,2025-02-20,
272,55,Greed,2025-02-21,
271,49,Neutral,2025-02-22,
270,50,Neutral,2025-02-23,
269,49,Neutral,2025-02-24,
268,25,Extreme Fear,2025-02-25,
267,21,Extreme Fear,2025-02-26,
266,10,Extreme Fear,2025-02-27,
265,16,Extreme Fear,2025-02-28,
264,20,Extreme Fear,2025-03-01,
263,26,Fear,2025-03-02,
262,33,Fear,2025-03-03,
261,15,Extreme Fear,2025-03-04,
260,20,Extreme Fear,2025-03-05,
259,25,Extreme Fear,2025-03-06,
258,34,Fear,2025-03-07,
257,28,Fear,2025-03-08,
256,27,Fear,2025-03-09,
255,20,Extreme Fear,2025-03-10,
254,24,Extreme Fear,2025-03-11,
253,34,Fear,2025-03-12,
252,45,Fear,2025-03-13,
251,27,Fear,2025-03-14,
250,46,Fear,2025-03-15,
249,30,Fear,2025-03-16,
248,32,Fear,2025-03-17,
247,34,Fear,2025-03-18,
246,32,Fear,2025-03-19,
245,49,Neutral,2025-03-20,
244,31,Fear,2025-03-21,
243,32,Fear,2025-03-22,
242,30,Fear,2025-03-23,
241,45,Fear,2025-03-24,
240,46,Fear,2025-03-25,
239,47,Neutral,2025-03-26,
238,40,Fear,2025-03-27,
237,44,Fear,2025-03-28,
236,26,Fear,2025-03-29,
235,32,Fear,2025-03-30,
234,34,Fear,2025-03-31,
233,34,Fear,2025-04-01,
232,44,Fear,2025-04-02,
231,25,Extreme Fear,2025-04-03,
230,28,Fear,2025-04-04,
229,30,Fear,2025-04-05,
228,34,Fear,2025-04-06,
227,23,Extreme Fear,2025-04-07,
226,24,Extreme Fear,2025-04-08,
225,18,Extreme Fear,2025-04-09,
224,39,Fear,2025-04-10,
223,25,Extreme Fear,2025-04-11,
222,43,Fear,2025-04-12,
221,45,Fear,2025-04-13,
220,31,Fear,2025-04-14,
219,38,Fear,2025-04-15,
218,29,Fear,2025-04-16,
217,30,Fear,2025-04-17,
216,33,Fear,2025-04-18,
215,32,Fear,2025-04-19,
214,37,Fear,2025-04-20,
213,39,Fear,2025-04-21,
212,47,Neutral,2025-04-22,
211,72,Greed,2025-04-23,
210,63,Greed,2025-04-24,
209,60,Greed,2025-04-25,
208,65,Greed,2025-04-26,
207,61,Greed,2025-04-27,
206,54,Neutral,2025-04-28,
205,60,Greed,2025-04-29,
204,56,Greed,2025-04-30,
203,53,Neutral,2025-05-01,
202,67,Greed,2025-05-02,
201,65,Greed,2025-05-03,
200,64,Greed,2025-05-04,
199,52,Neutral,2025-05-05,
198,59,Greed,2025-05-06,
197,67,Greed,2025-05-07,
196,65,Greed,2025-05-08,
195,73,Greed,2025-05-09,
194,70,Greed,2025-05-10,
193,70,Greed,2025-05-11,
192,70,Greed,2025-05-12,
191,70,Greed,2025-05-13,
190,73,Greed,2025-05-14,
189,70,Greed,2025-05-15,
188,71,Greed,2025-05-16,
187,74,Greed,2025-05-17,
186,74,Greed,2025-05-18,
185,74,Greed,2025-05-19,
184,71,Greed,2025-05-20,
183,70,Greed,2025-05-21,
182,72,Greed,2025-05-22,
181,78,Extreme Greed,2025-05-23,
180,66,Greed,2025-05-24,
179,74,Greed,2025-05-25,
178,73,Greed,2025-05-26,
177,74,Greed,2025-05-27,
176,71,Greed,2025-05-28,
175,74,Greed,2025-05-29,
174,60,Greed,2025-05-30,
173,50,Neutral,2025-05-31,
172,56,Greed,2025-06-01,
171,64,Greed,2025-06-02,
170,64,Greed,2025-06-03,
169,62,Greed,2025-06-04,
168,57,Greed,2025-06-05,
167,45,Fear,2025-06-06,
166,52,Neutral,2025-06-07,
165,62,Greed,2025-06-08,
164,62,Greed,2025-06-09,
163,71,Greed,2025-06-10,
162,72,Greed,2025-06-11,
161,71,Greed,2025-06-12,
160,61,Greed,2025-06-13,
159,63,Greed,2025-06-14,
158,60,Greed,2025-06-15,
157,61,Greed,2025-06-16,
156,68,Greed,2025-06-17,
155,52,Neutral,2025-06-18,
154,57,Greed,2025-06-19,
153,54,Neutral,2025-06-20,
152,49,Neutral,2025-06-21,
151,42,Fear,2025-06-22,
150,47,Neutral,2025-06-23,
149,65,Greed,2025-06-24,
148,66,Greed,2025-06-25,
147,74,Greed,2025-06-26,
146,65,Greed,2025-06-27,
145,65,Greed,2025-06-28,
144,68,Greed,2025-06-29,
143,66,Greed,2025-06-30,
142,64,Greed,2025-07-01,
141,63,Greed,2025-07-02,
140,73,Greed,2025-07-03,
139,73,Greed,2025-07-04,
138,67,Greed,2025-07-05,
137,66,Greed,2025-07-06,
136,73,Greed,2025-07-07,
135,65,Greed,2025-07-08,
134,66,Greed,2025-07-09,
133,71,Greed,2025-07-10,
132,71,Greed,2025-07-11,
131,79,Extreme Greed,2025-07-12,
130,74,Greed,2025-07-13,
129,74,Greed,2025-07-14,
128,73,Greed,2025-07-15,
127,70,Greed,2025-07-16,
126,74,Greed,2025-07-17,
125,73,Greed,2025-07-18,
124,74,Greed,2025-07-19,
123,72,Greed,2025-07-20,
122,71,Greed,2025-07-21,
121,72,Greed,2025-07-22,
120,74,Greed,2025-07-23,
119,71,Greed,2025-07-24,
118,70,Greed,2025-07-25,
117,72,Greed,2025-07-26,
116,73,Greed,2025-07-27,
115,75,Greed,2025-07-28,
114,73,Greed,2025-07-29,
113,74,Greed,2025-07-30,
112,72,Greed,2025-07-31,
111,65,Greed,2025-08-01,
110,55,Greed,2025-08-02,
109,53,Neutral,2025-08-03,
108,64,Greed,2025-08-04,
107,60,Greed,2025-08-05,
106,54,Neutral,2025-08-06,
105,62,Greed,2025-08-07,
104,74,Greed,2025-08-08,
103,67,Greed,2025-08-09,
102,69,Greed,2025-08-10,
101,70,Greed,2025-08-11,
100,68,Greed,2025-08-12,
99,73,Greed,2025-08-13,
98,75,Greed,2025-08-14,
97,60,Greed,2025-08-15,
96,56,Greed,2025-08-16,
95,64,Greed,2025-08-17,
94,60,Greed,2025-08-18,
93,56,Greed,2025-08-19,
92,44,Fear,2025-08-20,
91,50,Neutral,2025-08-21,
90,50,Neutral,2025-08-22,
89,60,Greed,2025-08-23,
88,53,Neutral,2025-08-24,
87,47,Neutral,2025-08-25,
86,48,Neutral,2025-08-26,
85,51,Neutral,2025-08-27,
84,48,Neutral,2025-08-28,
83,50,Neutral,2025-08-29,
82,39,Fear,2025-08-30,
81,48,Neutral,2025-08-31,
80,46,Fear,2025-09-01,
79,49,Neutral,2025-09-02,
78,55,Greed,2025-09-03,
77,51,Neutral,2025-09-04,
76,48,Neutral,2025-09-05,
75,48,Neutral,2025-09-06,
74,44,Fear,2025-09-07,
73,51,Neutral,2025-09-08,
72,48,Neutral,2025-09-09,
71,49,Neutral,2025-09-10,
70,54,Neutral,2025-09-11,
69,57,Greed,2025-09-12,
68,52,Neutral,2025-09-13,
67,55,Greed,2025-09-14,
66,53,Neutral,2025-09-15,
65,52,Neutral,2025-09-16,
64,53,Neutral,2025-09-17,
63,52,Neutral,2025-09-18,
62,53,Neutral,2025-09-19,
61,48,Neutral,2025-09-20,
60,49,Neutral,2025-09-21,
59,45,Fear,2025-09-22,
58,43,Fear,2025-09-23,
57,44,Fear,2025-09-24,
56,44,Fear,2025-09-25,
55,28,Fear,2025-09-26,
54,33,Fear,2025-09-27,
53,37,Fear,2025-09-28,
52,50,Neutral,2025-09-29,
51,50,Neutral,2025-09-30,
50,49,Neutral,2025-10-01,
49,64,Greed,2025-10-02,
48,63,Greed,2025-10-03,
47,71,Greed,2025-10-04,
46,74,Greed,2025-10-05,
45,71,Greed,2025-10-06,
44,70,Greed,2025-10-07,
43,60,Greed,2025-10-08,
42,70,Greed,2025-10-09,
41,64,Greed,2025-10-10,
40,27,Fear,2025-10-11,
39,24,Extreme Fear,2025-10-12,
38,38,Fear,2025-10-13,
37,38,Fear,2025-10-14,
36,34,Fear,2025-10-15,
35,28,Fear,2025-10-16,
34,22,Extreme Fear,2025-10-17,
33,23,Extreme Fear,2025-10-18,
32,29,Fear,2025-10-19,
31,29,Fear,2025-10-20,
30,34,Fear,2025-10-21,
29,25,Extreme Fear,2025-10-22,
28,27,Fear,2025-10-23,
27,30,Fear,2025-10-24,
26,37,Fear,2025-10-25,
25,40,Fear,2025-10-26,
24,51,Neutral,2025-10-27,
23,50,Neutral,2025-10-28,
22,51,Neutral,2025-10-29,
21,34,Fear,2025-10-30,
20,29,Fear,2025-10-31,
19,33,Fear,2025-11-01,
18,37,Fear,2025-11-02,
17,42,Fear,2025-11-03,
16,21,Extreme Fear,2025-11-04,
15,23,Extreme Fear,2025-11-05,
14,27,Fear,2025-11-06,
13,24,Extreme Fear,2025-11-07,
12,20,Extreme Fear,2025-11-08,
11,22,Extreme Fear,2025-11-09,
10,29,Fear,2025-11-10,
9,26,Fear,2025-11-11,
8,24,Extreme Fear,2025-11-12,
7,15,Extreme Fear,2025-11-13,
6,16,Extreme Fear,2025-11-14,
