date,eth_price,rsi,return_today,rsi_lag_1
2024-01-16,2515.3199803936955,61.793317019976776,0.015086136066110756,58.45430645476642
2024-01-17,2589.4826316304293,57.89858569773963,0.029484380442573288,61.793317019976776
2024-01-18,2528.3287854519394,54.10080998331812,-0.02361624110990279,57.89858569773963
2024-01-19,2467.3289785137254,55.25885799085094,-0.024126532628670927,54.10080998331812
2024-01-20,2489.6180646533794,53.960336193669775,0.009033690413298823,55.25885799085094
2024-01-21,2470.2636151036777,52.90615843858524,-0.00777406375077716,53.960336193669775
2024-01-22,2454.909543339834,44.3829459515225,-0.006215560019572797,52.90615843858524
2024-01-23,2307.5870034987734,40.9042271186962,-0.06001139237115527,44.3829459515225
2024-01-24,2241.942776155338,40.55651934789854,-0.028447129943055427,40.9042271186962
2024-01-25,2236.7393130974074,39.74692021191419,-0.0023209615844227427,40.55651934789854
2024-01-26,2219.6145274459245,43.53661398331087,-0.007656138357835074,39.74692021191419
2024-01-27,2268.8707315074744,43.58959932401106,0.02219133252755756,43.53661398331087
2024-01-28,2267.907851752534,42.91485379834396,-0.00042438722557835984,43.58959932401106
2024-01-29,2257.054464645605,47.7936071535144,-0.0047856384899156446,42.91485379834396
2024-01-30,2314.59472753004,49.90645774132254,0.025493519888750038,47.7936071535144
2024-01-31,2344.001400019654,45.43418022156659,0.01270489046736678,49.90645774132254
2024-02-01,2282.485867015841,47.18505646233368,-0.026243812398446975,45.43418022156659
2024-02-02,2301.737299308667,47.54394104791002,0.008434414675257296,47.18505646233368
2024-02-03,2307.4329984830933,46.57325670211805,0.002474521821468123,47.54394104791002
2024-02-04,2294.715924804408,46.02576444708957,-0.0055113512232187745,46.57325670211805
2024-02-05,2290.084492877089,46.99150968285262,-0.0020183029529957652,46.02576444708957
2024-02-06,2298.669906674278,53.95389075130404,0.0037489506714238896,46.99150968285262
2024-02-07,2372.760878734525,58.11881749220835,0.03223210598664927,53.95389075130404
2024-02-08,2424.073040465209,57.70024557730258,0.021625508996949927,58.11881749220835
2024-02-09,2420.9685614791365,62.78424156306982,-0.001280687064394992,57.70024557730258
2024-02-10,2487.8508971967804,63.736249419932086,0.02762627189044564,62.78424156306982
2024-02-11,2499.4921841564314,64.19249149853873,0.004679254280378409,63.736249419932086
2024-02-12,2505.076808453919,72.90616555758332,0.002234303564894846,64.19249149853873
2024-02-13,2657.990407976775,70.93889541523893,0.06104148144552535,72.90616555758332
2024-02-14,2641.5360974921623,76.70567440643887,-0.00619050784955133,70.93889541523893
2024-02-15,2780.372974906562,78.29416128681571,0.05255914448650145,76.70567440643887
2024-02-16,2826.821475855177,75.81587377123603,0.016705852548497102,78.29416128681571
2024-02-17,2807.3717030539606,73.74775894915494,-0.006880439025719665,75.81587377123603
2024-02-18,2788.561332499608,77.35636503521935,-0.006700349132211514,73.74775894915494
2024-02-19,2874.945276040071,79.48092700706859,0.030977960761949586,77.35636503521935
2024-02-20,2943.723084777655,81.50465008646559,0.023923171446351255,79.48092700706859
2024-02-21,3015.438952062055,76.4916594132272,0.02436230080718227,81.50465008646559
2024-02-22,2977.0820166829903,76.51515597222982,-0.012720183027693066,76.4916594132272
2024-02-23,2974.131586131992,70.74898570156398,-0.0009910477892327574,76.51515597222982
2024-02-24,2926.285912906352,73.79681293080334,-0.016087275172604443,70.74898570156398
2024-02-25,2988.317384063568,77.99670409827712,0.021198021315561366,73.79681293080334
2024-02-26,3113.4082982877167,79.90778756705161,0.04185998277533942,77.99670409827712
2024-02-27,3173.62994683714,81.60808424365811,0.019342676186269392,79.90778756705161
2024-02-28,3242.0476538223666,84.62680404588868,0.0215581867235064,81.60808424365811
2024-02-29,3380.8039555421246,80.22892910199168,0.042798970445781404,84.62680404588868
2024-03-01,3347.690472423345,82.33218955639991,-0.009794558795548358,80.22892910199168
2024-03-02,3431.75199772032,81.03592812085964,0.025110303951166646,82.33218955639991
2024-03-03,3421.89214692414,82.6000582301949,-0.0028731245156206064,81.03592812085964
2024-03-04,3487.190931866777,85.24987026514994,0.019082654314903857,82.6000582301949
2024-03-05,3634.311067557102,78.29972577690643,0.042188723980068454,85.24987026514994
2024-03-06,3581.5348849085663,83.40237150771621,-0.014521647065288357,78.29972577690643
2024-03-07,3822.365818156151,84.23507934816355,0.06724238098653412,83.40237150771621
2024-03-08,3861.900999013773,84.50412751286365,0.010343118042190236,84.23507934816355
2024-03-09,3893.613884196704,84.87079035205612,0.00821172919529256,84.50412751286365
2024-03-10,3916.041187699099,81.81590609205118,0.005760022480252092,84.87079035205612
2024-03-11,3887.473104733291,84.96949546100434,-0.007295143640354107,81.81590609205118
2024-03-12,4070.604074987,78.17771572483305,0.047107970992965376,84.96949546100434
2024-03-13,3978.685771378112,78.73395071979682,-0.02258099827829152,78.17771572483305
2024-03-14,4007.9121260756656,69.72045285191186,0.007345730820916385,78.73395071979682
2024-03-15,3879.038366642958,60.738230480357615,-0.03215483657794016,69.72045285191186
2024-03-16,3738.381184462065,50.64964409047984,-0.03626083809596914,60.738230480357615
2024-03-17,3514.222472178163,55.16466939179791,-0.05996143817959998,50.64964409047984
2024-03-18,3643.280347379834,50.03396045226323,0.0367244465094092,55.16466939179791
2024-03-19,3525.893640670024,38.78339941232029,-0.03222005871555611,50.03396045226323
2024-03-20,3171.293836639821,50.59470207751213,-0.10057019302568027,38.78339941232029
2024-03-21,3515.6884318548646,49.998950384568346,0.10859750403322788,50.59470207751213
2024-03-22,3493.4304387798707,45.49430630235311,-0.006331048244582527,49.998950384568346
2024-03-23,3322.891277320318,45.59060977220405,-0.04881710526319105,45.49430630235311
2024-03-24,3353.371241538487,49.49412565790108,0.00917272389446011,45.59060977220405
2024-03-25,3454.257071389558,53.62935712080496,0.030084897431393642,49.49412565790108
2024-03-26,3588.493402189288,53.51234591144457,0.03886112933271946,53.62935712080496
2024-03-27,3591.5485279028403,50.44655241263312,0.0008513672372054693,53.51234591144457
2024-03-28,3505.2181161826984,52.49829717702729,-0.02403710016708349,50.44655241263312
2024-03-29,3560.26151146781,50.67066618201825,0.01570327250991621,52.49829717702729
2024-03-30,3516.096057627979,50.522855072187134,-0.012405115101115971,50.67066618201825
2024-03-31,3507.6606559474685,55.57867405389685,-0.002399081692381677,50.522855072187134
2024-04-01,3644.767598784896,49.965655805108455,0.0390878583436951,55.57867405389685
2024-04-02,3508.2477201085417,42.57962215336681,-0.03745640153349361,49.965655805108455
2024-04-03,3274.901203544406,43.92023019348202,-0.06651369435135446,42.57962215336681
2024-04-04,3316.6829546775257,44.6765385981892,0.01275817147946312,43.92023019348202
2024-04-05,3332.089836615912,44.290713027015386,0.004645268223982146,44.6765385981892
2024-04-06,3320.281588983444,45.883288690044566,-0.0035437962994601113,44.290713027015386
2024-04-07,3362.838907503287,50.19699103531293,0.01281738231511631,45.883288690044566
2024-04-08,3453.4361261792887,58.80667869586775,0.026940695396933334,50.19699103531293
2024-04-09,3695.239391141908,51.29725051592855,0.07001816629228896,58.80667869586775
2024-04-10,3503.6535996841044,52.619185571742776,-0.05184665218634177,51.29725051592855
2024-04-11,3539.7630640649413,51.12794648944079,0.010306231296407953,52.619185571742776
2024-04-12,3508.578498448644,42.327164140584784,-0.008809788975108979,51.12794648944079
2024-04-13,3245.5005926983195,36.22812093756194,-0.07498133670563378,42.327164140584784
2024-04-14,3022.0057852476043,41.97680850054709,-0.0688629692299334,36.22812093756194
2024-04-15,3157.683765827796,40.54415453871822,0.0448966647392024,41.97680850054709
2024-04-16,3101.190735674771,40.09991996760874,-0.017890654778159876,40.54415453871822
2024-04-17,3083.706014766068,37.4458949647312,-0.005638066922993845,40.09991996760874
2024-04-18,2982.6157347098,40.8659939189934,-0.0327820744170183,37.4458949647312
2024-04-19,3064.911592229428,40.66721418942879,0.027591840464703754,40.8659939189934
2024-04-20,3065.682561565907,44.87507060337172,0.0002515470065869163,40.66721418942879
2024-04-21,3152.191506651948,44.517648485667365,0.02821849403803034,44.87507060337172
2024-04-22,3147.13775429932,46.91205429181174,-0.0016032504186257457,44.517648485667365
2024-04-23,3199.769589894069,47.72802937483796,0.016723715230719804,46.91205429181174
2024-04-24,3218.9672686428075,44.49676765908874,0.005999706606804045,47.72802937483796
2024-04-25,3138.814357009402,45.32797530543167,-0.024900194672435982,44.49676765908874
2024-04-26,3157.6193174815944,44.20362496253252,0.005991103115161378,45.32797530543167
2024-04-27,3131.419219740052,50.3461847641183,-0.00829742128713562,44.20362496253252
2024-04-28,3259.2522227654413,50.85274373162376,0.04082270499572416,50.3461847641183
2024-04-29,3259.503404256033,48.47541100925782,7.706721463196509e-05,50.85274373162376
2024-04-30,3213.6890004948136,39.864231178521806,-0.014055639181538515,48.47541100925782
2024-05-01,3018.549635877818,38.33005918828582,-0.060721297109630035,39.864231178521806
2024-05-02,2976.0902075157046,39.41612678770716,-0.014066168684937375,38.33005918828582
2024-05-03,2988.5486490452654,45.86016332476627,0.004186177387398571,39.41612678770716
2024-05-04,3102.1512923656555,46.604177132417526,0.03801264649202962,45.86016332476627
2024-05-05,3115.0233215730136,47.68935607687629,0.00414938795507358,46.604177132417526
2024-05-06,3136.57511039041,44.03823795562875,0.00691866050187806,47.68935607687629
2024-05-07,3064.5913995603364,41.462329788475934,-0.02294978066733233,44.03823795562875
2024-05-08,3015.159769616685,39.98565250104453,-0.01612992516742795,41.462329788475934
2024-05-09,2975.72696606529,44.05084709976584,-0.013078180449591192,39.98565250104453
2024-05-10,3038.3447046668207,38.38342067636222,0.021042837369023903,44.05084709976584
2024-05-11,2910.684500017475,38.50565340070972,-0.04201636649497442,38.38342067636222
2024-05-12,2908.9827849031903,39.72165539035729,-0.0005846443042090144,38.50565340070972
2024-05-13,2931.3106669139133,41.23346680008683,0.007675494721590903,39.72165539035729
2024-05-14,2948.303455265941,37.85757171522732,0.005796993319004962,41.23346680008683
2024-05-15,2881.7959916152945,48.281230143243775,-0.022557875964856366,37.85757171522732
2024-05-16,3035.758955126304,43.63359709416352,0.05342604541021334,48.281230143243775
2024-05-17,2943.5851283842208,51.74177962501357,-0.030362696150969093,43.63359709416352
2024-05-18,3095.9968442929658,53.146307887031874,0.05177758048818726,51.74177962501357
2024-05-19,3120.5493782541066,50.34888949929205,0.007930413109561218,53.146307887031874
2024-05-20,3071.324418093757,70.0290226339284,-0.01577445321114912,50.34888949929205
2024-05-21,3656.390090299324,72.5152473630361,0.19049295761751317,70.0290226339284
2024-05-22,3792.486220211773,69.92145903528065,0.037221446987705686,72.5152473630361
2024-05-23,3741.897740560911,70.7794376300923,-0.013339133411020443,69.92145903528065
2024-05-24,3766.398091341944,68.14404324969564,0.00654757357889757,70.7794376300923
2024-05-25,3727.065981583209,68.70386669518618,-0.010442897645140059,68.14404324969564
2024-05-26,3750.077159389676,70.61545450131838,0.006174073096686161,68.70386669518618
2024-05-27,3825.277957577714,72.19282092663354,0.020053133573464166,70.61545450131838
2024-05-28,3893.3921058941055,69.06730364014805,0.01780632651320424,72.19282092663354
2024-05-29,3840.68886040005,64.58346577438687,-0.0135365881628694,69.06730364014805
2024-05-30,3765.30255677808,63.63963961841316,-0.01962832876134557,64.58346577438687
2024-05-31,3748.63915233346,64.09514433498948,-0.004425515398390423,63.63963961841316
2024-06-01,3761.0692456476336,65.94888817247566,0.0033158948645233277,64.09514433498948
2024-06-02,3813.452441559934,63.79402682477856,0.013927740355463847,65.94888817247566
2024-06-03,3780.7119847349145,62.80160954130963,-0.008585515966635926,63.79402682477856
2024-06-04,3766.6376499412618,64.68294720215697,-0.003722667807143143,62.80160954130963
2024-06-05,3814.932030146498,66.71657350518079,0.012821615640673523,64.68294720215697
2024-06-06,3871.0820906216727,62.75651247568205,0.01471849564591543,66.71657350518079
2024-06-07,3812.701856549199,54.03376516648039,-0.01508111497142084,62.75651247568205
2024-06-08,3679.3766523741774,54.15353368966021,-0.034968693905610415,54.03376516648039
2024-06-09,3683.025380134649,55.49626806615105,0.0009916700857786065,54.15353368966021
2024-06-10,3705.8998844045504,52.87727971798999,0.006210791919404324,55.49626806615105
2024-06-11,3666.82766472582,43.39937450923576,-0.010543247496554664,52.87727971798999
2024-06-12,3498.55595422158,47.11491260276469,-0.04589026970724075,43.39937450923576
2024-06-13,3559.4475336257624,42.66871789510876,0.017404775056035993,47.11491260276469
2024-06-14,3465.316584199481,43.36893195993356,-0.026445381913073662,42.66871789510876
2024-06-15,3478.7748349889234,48.613215328787646,0.0038837002226022044,43.36893195993356
2024-06-16,3565.1232591862595,51.71939541642951,0.024821504205692957,48.613215328787646
2024-06-17,3618.508652976102,45.80197979431326,0.01497434728302438,51.71939541642951
2024-06-18,3510.358693528904,44.41374436577561,-0.029887992490566062,45.80197979431326
2024-06-19,3480.4713384276088,48.96459436888221,-0.008514045916843349,44.41374436577561
2024-06-20,3555.9658395535403,46.35770850184954,0.021690884304204072,48.96459436888221
2024-06-21,3511.28482815368,46.673759204957584,-0.012565084541270588,46.35770850184954
2024-06-22,3516.88098000528,45.44478215870556,0.001593761863671661,46.673759204957584
2024-06-23,3494.7985621731755,41.252400497693294,-0.006278977866368218,45.44478215870556
2024-06-24,3417.797137297825,37.87684454599518,-0.02203315112601756,41.252400497693294
2024-06-25,3357.1006400727606,41.26687119558284,-0.017758952561196195,37.87684454599518
2024-06-26,3395.304687339692,39.927756017514085,0.01138007208092029,41.26687119558284
2024-06-27,3365.9446697083863,45.53824464156207,-0.008647240920905408,39.927756017514085
2024-06-28,3442.910158110125,41.586421413689735,0.022865939863594642,45.53824464156207
2024-06-29,3374.605130306792,41.54996787881255,-0.019839329133359285,41.586421413689735
2024-06-30,3371.278227967461,46.11258266321773,-0.0009858641858427886,41.54996787881255
2024-07-01,3435.3183276337395,46.670162834838855,0.018995791903205772,46.11258266321773
2024-07-02,3438.009078999906,45.05427692781874,0.0007832611448324034,46.670162834838855
2024-07-03,3417.8984255478363,37.801004329445966,-0.005849505626645879,45.05427692781874
2024-07-04,3295.808464429979,28.31885974336682,-0.03572076929064627,37.801004329445966
2024-07-05,3069.0434008340803,26.15737864838116,-0.06880407828405721,28.31885974336682
2024-07-06,2984.398102498264,32.80578978939832,-0.027580352338064662,26.15737864838116
2024-07-07,3066.247437954064,28.412303373156373,0.027425743029149796,32.80578978939832
2024-07-08,2928.6012310061665,34.446372893123176,-0.0448907694937174,28.412303373156373
2024-07-09,3016.0833537946064,37.33072549673933,0.029871640379794506,34.446372893123176
2024-07-10,3064.0923605197886,39.7377389617525,0.015917665758401922,37.33072549673933
2024-07-11,3099.7101861313545,39.65663673923903,0.011624266314715026,39.7377389617525
2024-07-12,3102.0902302291074,41.9429357407808,0.0007678279435290314,39.65663673923903
2024-07-13,3132.980838609695,44.80816823578471,0.009957998023257364,41.9429357407808
2024-07-14,3173.5042341380185,49.018615986585466,0.012934453677126978,44.80816823578471
2024-07-15,3252.654184707363,60.82992718959752,0.024940868116044346,49.018615986585466
2024-07-16,3488.538758027717,58.11067230083277,0.07252064311951312,60.82992718959752
2024-07-17,3446.7658893041003,54.96339081069408,-0.011974316933555773,58.11067230083277
2024-07-18,3389.441287038116,56.69340355107643,-0.016631417423467076,54.96339081069408
2024-07-19,3428.5520187667257,60.18370727919605,0.011538990770595836,56.69340355107643
2024-07-20,3505.222536388452,60.76475085006863,0.022362360903978695,60.18370727919605
2024-07-21,3522.8013028122487,61.53637609250614,0.005015021511846296,60.76475085006863
2024-07-22,3533.118349531153,55.05694123047912,0.002928648490809982,61.53637609250614
2024-07-23,3443.073350817144,57.15687022606427,-0.025485984279569385,55.05694123047912
2024-07-24,3482.9837705931927,48.59103978486888,0.0115915101740649,57.15687022606427
2024-07-25,3336.380253038244,41.199613836598544,-0.04209135821783638,48.59103978486888
2024-07-26,3173.7633983274727,46.67686040539747,-0.04874050389271001,41.199613836598544
2024-07-27,3278.1869575279507,45.405243711247,0.032902124731638116,46.67686040539747
2024-07-28,3254.611672582785,46.72093147897737,-0.007191562058725176,45.405243711247
2024-07-29,3272.8501306701373,49.42117134118201,0.005603881483310369,46.72093147897737
2024-07-30,3316.942188773212,47.222112056815,0.013472067568840007,49.42117134118201
2024-07-31,3276.981779516743,44.79365760036054,-0.01204736380143201,47.222112056815
2024-08-01,3233.076804863122,43.289000300030985,-0.01339799169102962,44.79365760036054
2024-08-02,3204.2465237463616,34.29465567047433,-0.008917289274846363,43.289000300030985
2024-08-03,2983.300976694291,31.58547608142804,-0.06895397885732713,34.29465567047433
2024-08-04,2906.7150241765007,25.81754544935027,-0.025671547428866126,31.58547608142804
2024-08-05,2682.4373928187924,20.75405410211792,-0.07715845189235504,25.81754544935027
2024-08-06,2415.6311394312143,23.25408275114301,-0.09946411204296901,20.75405410211792
2024-08-07,2455.51137665051,21.14114668837861,0.016509241236510208,23.25408275114301
2024-08-08,2341.590346028249,38.28651557074785,-0.04639401458512382,21.14114668837861
2024-08-09,2685.012750687489,36.237198944757175,0.14666203473282402,38.28651557074785
2024-08-10,2602.184071276188,36.69140122709249,-0.030848523676505035,36.237198944757175
2024-08-11,2608.0357436286963,35.219990198278666,0.0022487541973301717,36.69140122709249
2024-08-12,2558.790870730736,42.68379594897494,-0.018881977755965562,35.219990198278666
2024-08-13,2726.777988551933,42.051011189567234,0.06565097591317559,42.68379594897494
2024-08-14,2703.550558764125,40.77302610179232,-0.008518269505374376,42.051011189567234
2024-08-15,2662.780395092489,37.94453353902895,-0.015080229788738797,40.77302610179232
2024-08-16,2569.8604812159274,39.07709188301671,-0.034895823195864484,37.94453353902895
2024-08-17,2592.249006212312,40.164627038170295,0.008711961275730928,39.07709188301671
2024-08-18,2613.139261446099,40.12167185357381,0.008058737869596655,40.164627038170295
2024-08-19,2614.601280626372,41.47862055501626,0.0005594876636860757,40.12167185357381
2024-08-20,2640.5904207330605,38.93165487868772,0.009940001291693035,41.47862055501626
2024-08-21,2575.643435503567,42.390499927326566,-0.024595630098310783,38.93165487868772
2024-08-22,2630.2988017642488,42.01920092775194,0.02122008252667773,42.390499927326566
2024-08-23,2623.289171364539,49.93282377692771,-0.0026649559339068096,42.01920092775194
2024-08-24,2763.2554073640704,50.18857600823553,0.053355244830567417,49.93282377692771
2024-08-25,2767.840733546234,49.08330941301441,0.001659392819767458,50.18857600823553
2024-08-26,2745.164671605207,45.4687204453634,-0.008192690304103523,49.08330941301441
2024-08-27,2683.0801154902983,36.07686228200836,-0.02261596790789433,45.4687204453634
2024-08-28,2457.2773517547434,40.23843340521299,-0.08415804001972271,36.07686228200836
2024-08-29,2527.0269814017706,40.261103881614495,0.028384923499668924,40.23843340521299
2024-08-30,2526.738355300341,40.13198113201263,-0.00011421567856373382,40.261103881614495
2024-08-31,2527.690204915795,39.560374969632086,0.0003767107953451809,40.13198113201263
2024-09-01,2513.3643501004462,35.78462925180571,-0.0056675674841356605,39.560374969632086
2024-09-02,2430.0202661439344,43.30234972566414,-0.03316036688161872,35.78462925180571
2024-09-03,2534.9048168403706,38.17137281684712,0.043162006571604294,43.30234972566414
2024-09-04,2437.1471557556497,40.01832140196032,-0.03856462792420379,38.17137281684712
2024-09-05,2448.30785784089,36.643126134838525,0.004579412473671329,40.01832140196032
2024-09-06,2367.7700509506026,31.565970149233276,-0.03289529404251956,36.643126134838525
2024-09-07,2223.780428382685,34.95482165300555,-0.060812333744195035,31.565970149233276
2024-09-08,2272.6972849951912,36.517512331643445,0.021997161225167705,34.95482165300555
2024-09-09,2296.4029520764498,40.57507239999658,0.010430631143781621,36.517512331643445
2024-09-10,2359.565766831627,42.58369357473646,0.027505109544500694,40.57507239999658
2024-09-11,2389.4740111256497,40.240873441642975,0.012675317092001537,42.58369357473646
2024-09-12,2342.9639236941434,41.762883869593466,-0.01946457137217239,40.240873441642975
2024-09-13,2362.300238174588,47.047232127612205,0.008252928815889238,41.762883869593466
2024-09-14,2445.08621032297,45.75824651562911,0.03504464454203049,47.047232127612205
2024-09-15,2418.0828083179904,40.66429238291613,-0.011043946790494918,45.75824651562911
2024-09-16,2322.6433317480564,39.425142222587176,-0.03946906873562417,40.66429238291613
2024-09-17,2295.1348386540835,42.82584912337259,-0.011843614866717256,39.425142222587176
2024-09-18,2341.0924132597524,44.838832492164215,0.020023910504804787,42.82584912337259
2024-09-19,2361.960992100706,51.12330082395459,0.00891403462877216,44.838832492164215
2024-09-20,2465.2347833172967,56.52959990104183,0.043723749698652004,51.12330082395459
2024-09-21,2557.6218555442515,59.2879701818421,0.037475973019752695,56.52959990104183
2024-09-22,2614.599604753501,56.944412219359904,0.022277628370173996,59.2879701818421
2024-09-23,2582.847683741262,60.30806797481273,-0.012144085447925668,56.944412219359904
2024-09-24,2647.993162203325,60.60119420925537,0.02522234620033803,60.30806797481273
2024-09-25,2653.844345308008,54.95982284427473,0.0022096669992208717,60.60119420925537
2024-09-26,2578.566359563475,57.930888777610654,-0.028365637147342193,54.95982284427473
2024-09-27,2630.94983700893,61.25115238867009,0.02031496193657123,57.930888777610654
2024-09-28,2698.192821234604,59.78641312816164,0.025558444056889007,61.25115238867009
2024-09-29,2680.218702062471,58.29887057003658,-0.006661539913188408,59.78641312816164
2024-09-30,2659.611211611689,53.83590763122742,-0.007688734667407604,58.29887057003658
2024-10-01,2597.3411516834435,43.919793657357125,-0.02341321906614724,53.83590763122742
2024-10-02,2451.631522589772,39.64963038240502,-0.05609953432541237,43.919793657357125
2024-10-03,2365.231040243019,38.89819782627303,-0.035242034355751906,39.64963038240502
2024-10-04,2348.00483692474,43.73279389144204,-0.007283095403867512,38.89819782627303
2024-10-05,2416.918405555264,43.794529384905815,0.029349840999809196,43.73279389144204
2024-10-06,2415.4038137445546,45.6586223810023,-0.0006266623677606553,43.794529384905815
2024-10-07,2438.030912544012,44.47274787820073,0.009367832687313449,45.6586223810023
2024-10-08,2422.7506412955013,45.974155364835845,-0.00626746411207979,44.47274787820073
2024-10-09,2441.465169620029,41.214806513142925,0.007724496283497251,45.974155364835845
2024-10-10,2367.615096789395,42.60741291451984,-0.030248259835763847,41.214806513142925
2024-10-11,2381.7817088014776,47.16469134121063,0.0059834945432191144,42.60741291451984
2024-10-12,2435.713784369216,50.388270712085536,0.022643584577226816,47.16469134121063
2024-10-13,2477.6130275578225,49.666741663180176,0.017202038867410563,50.388270712085536
2024-10-14,2466.8607267086663,60.70934271054781,-0.0043397821732293895,49.666741663180176
2024-10-15,2628.504376157751,58.73997615132394,0.06552605410551604,60.70934271054781
2024-10-16,2602.0760435960988,59.0575808323043,-0.010054513434093693,58.73997615132394
2024-10-17,2611.700159182395,58.40676680420557,0.003698629642274298,59.0575808323043
2024-10-18,2603.120292334612,60.93757524393028,-0.0032851653424370575,58.40676680420557
2024-10-19,2643.156520987104,61.41937714250936,0.015380091642474891,60.93757524393028
2024-10-20,2649.979289580214,67.3785192112133,0.0025812957117505864,61.41937714250936
2024-10-21,2742.9591411600395,59.24399342826671,0.035087010659073714,67.3785192112133
2024-10-22,2665.731938974013,55.194281086173966,-0.028154703811361204,59.24399342826671
2024-10-23,2619.5653130506435,46.78709815342424,-0.01731855527121684,55.194281086173966
2024-10-24,2524.10385630912,48.71059213597799,-0.03644171659547313,46.78709815342424
2024-10-25,2536.234041319884,42.31804393382985,0.004805739264826192,48.71059213597799
2024-10-26,2422.09328922875,45.71705746141419,-0.045004029687943814,42.31804393382985
2024-10-27,2479.373603244332,47.71805994652631,0.023649094884293786,45.71705746141419
2024-10-28,2505.502947138879,52.01483339598568,0.01053868761866128,47.71805994652631
2024-10-29,2564.8138556783,56.69894598370292,0.02367225654519811,52.01483339598568
2024-10-30,2638.637351278122,57.882825099571775,0.028783178723236436,56.69894598370292
2024-10-31,2657.6141818494384,47.65183219933878,0.00719190553492477,57.882825099571775
2024-11-01,2514.750787241073,47.4023978840016,-0.05375625837041054,47.65183219933878
2024-11-02,2513.8372870612066,46.02244703106776,-0.00036325674277593034,47.4023978840016
2024-11-03,2491.352150058657,43.74035178078312,-0.008944547492505173,46.02244703106776
2024-11-04,2456.979687344711,40.07141891645088,-0.01379670983611736,43.74035178078312
2024-11-05,2395.9472139132804,42.31916974173336,-0.02484044688924103,40.07141891645088
2024-11-06,2422.368479855642,60.90211251906123,0.011027482487482532,42.31916974173336
2024-11-07,2720.62174500688,67.34345288987404,0.12312464748096952,60.90211251906123
2024-11-08,2894.9718733838376,69.4526994573545,0.06408466325645601,67.34345288987404
2024-11-09,2960.9593369382137,74.02552552540749,0.022793818537948596,69.4526994573545
2024-11-10,3130.035524073996,75.43703574697058,0.05710182677166231,74.02552552540749
2024-11-11,3191.904455551816,79.15579234349168,0.019766207444602113,75.43703574697058
2024-11-12,3372.7914863430115,71.04046245694644,0.056670565585561494,79.15579234349168
2024-11-13,3260.934386131155,67.91066963926833,-0.03316454653801881,71.04046245694644
2024-11-14,3191.8991843987947,60.73395522151951,-0.021170374364467115,67.91066963926833
2024-11-15,3059.812296932496,62.15490295304625,-0.041381910842267944,60.73395522151951
2024-11-16,3093.913043390382,63.139896073283,0.011144718416901789,62.15490295304625
2024-11-17,3133.8802234191417,59.93848047659671,0.012918003663400457,63.139896073283
2024-11-18,3075.534532601624,64.39898869384477,-0.018617715629814624,59.93848047659671
2024-11-19,3209.4239073326826,59.21722007722165,0.04353369253760264,64.39898869384477
2024-11-20,3112.9098010150224,57.20329123229029,-0.03007209677012468,59.21722007722165
2024-11-21,3075.193856649331,66.29967832904998,-0.012115977261337174,57.20329123229029
2024-11-22,3365.9369715466096,64.78761791253174,0.09454464611023461,66.29967832904998
2024-11-23,3327.7571951719624,66.58813391876707,-0.011342986127605315,64.78761791253174
2024-11-24,3394.036961782547,64.790323526752,0.019917248381806862,66.58813391876707
2024-11-25,3368.7027619429946,66.29172875572657,-0.007464326442174984,64.790323526752
2024-11-26,3417.291223691937,61.37472785774106,0.014423493309607904,66.29172875572657
2024-11-27,3325.636532587645,70.36948483313284,-0.026820860472427377,61.37472785774106
2024-11-28,3666.188490437756,66.46662237695423,0.10240203777925516,70.36948483313284
2024-11-29,3579.2407862475,66.81682872282133,-0.02371610309099903,66.46662237695423
2024-11-30,3598.1933212253616,69.61898890271529,0.005295127126032639,66.81682872282133
2024-12-01,3709.9094391073327,69.75283128044924,0.031047836485874614,69.61898890271529
2024-12-02,3708.8072387383017,65.91710405896727,-0.0002970963003604554,69.75283128044924
2024-12-03,3643.855375704235,64.57585757267435,-0.017512871080396897,65.91710405896727
2024-12-04,3625.71045794972,70.62266167693063,-0.004979593283393813,64.57585757267435
2024-12-05,3839.443460715871,68.88227481716419,0.05894927497520408,70.62266167693063
2024-12-06,3796.868867160128,73.41488228753808,-0.01108874085303102,68.88227481716419
2024-12-07,4013.726145388712,73.23102532215695,0.0571147663550422,73.41488228753808
2024-12-08,4000.992076502189,73.30058624289161,-0.00317263022569525,73.23102532215695
2024-12-09,4015.7820212328807,57.86844097735191,0.003696569362771962,73.30058624289161
2024-12-10,3713.313897997175,54.1528688201521,-0.07531985591758916,57.86844097735191
2024-12-11,3626.5886417775,60.476808042698025,-0.02335521816953079,54.1528688201521
2024-12-12,3828.1075883404096,61.8928816346671,0.05556708148298273,60.476808042698025
2024-12-13,3878.850012073054,62.69739109930238,0.013255224039991687,61.8928816346671
2024-12-14,3907.429659505336,60.59914650303215,0.007368072326418007,62.69739109930238
2024-12-15,3866.995802034805,63.18857173004561,-0.010347942507978436,60.59914650303215
2024-12-16,3961.315466180232,64.26460087575046,0.02439094040283063,63.18857173004561
2024-12-17,3992.857195846062,59.00121802205316,0.007962438219101253,64.26460087575046
2024-12-18,3879.406224010089,47.78661950557392,-0.02841348094141738,59.00121802205316
2024-12-19,3628.2624780444953,41.42995624601429,-0.06473767671228559,47.78661950557392
2024-12-20,3434.6754695380805,43.62619534851097,-0.05335529325065569,41.42995624601429
2024-12-21,3468.658920056454,39.6585990638464,0.009894224598443246,43.62619534851097
2024-12-22,3337.5972231166807,38.01641906181846,-0.03778454439032597,39.6585990638464
2024-12-23,3275.8894274015142,43.819246502941205,-0.018488688595427072,38.01641906181846
2024-12-24,3414.6414419808,46.77919946451395,0.04235552440161161,43.819246502941205
2024-12-25,3497.555287927574,46.82609895864916,0.02428186014713063,46.77919946451395
2024-12-26,3494.5109273631047,41.45044205458435,-0.0008704252867646201,46.82609895864916
2024-12-27,3327.7897761683494,41.37753346683544,-0.04770943764670388,41.45044205458435
2024-12-28,3328.6111553091764,44.51747504809183,0.0002468242275126542,41.37753346683544
2024-12-29,3397.834120508516,42.786320086954206,0.020796350780994066,44.51747504809183
2024-12-30,3357.330742971463,43.12494108652483,-0.011920351641825033,42.786320086954206
2024-12-31,3359.513941757392,42.19217893165804,0.0006502781385180345,43.12494108652483
2025-01-01,3336.6175137659498,43.35195202314212,-0.006815399009615253,42.19217893165804
2025-01-02,3348.967247123586,48.54129620092614,0.0037012733124741626,43.35195202314212
2025-01-03,3448.140436960939,55.4399631526645,0.029613066512529373,48.54129620092614
2025-01-04,3604.291379593176,57.542724904355566,0.04528555187556749,55.4399631526645
2025-01-05,3660.37804173532,56.26208642802424,0.015561078790603977,57.542724904355566
2025-01-06,3635.854996180709,58.55597734730201,-0.006699593669014958,56.26208642802424
2025-01-07,3687.144714058831,44.42293976615605,0.014106645598352952,58.55597734730201
2025-01-08,3380.0211263090155,42.43805716887742,-0.0832957780525333,44.42293976615605
2025-01-09,3325.130029353736,38.82344894375444,-0.016239868007931757,42.43805716887742
2025-01-10,3219.09284475812,41.2463248411547,-0.0318896354908037,38.82344894375444
2025-01-11,3269.1759954060667,42.0043492489332,0.015558156618409091,41.2463248411547
2025-01-12,3283.591322828503,41.36949409370833,0.0044094681481490205,42.0043492489332
2025-01-13,3264.070968533687,36.59293482480349,-0.0059448184550570105,41.36949409370833
2025-01-14,3134.5520394596483,41.50938096052245,-0.03968018168802934,36.59293482480349
2025-01-15,3224.8006483414138,51.85192673754395,0.028791549078037715,41.50938096052245
2025-01-16,3447.034047674796,46.32284672239299,0.06891384106105347,51.85192673754395
2025-01-17,3309.44661399002,52.66019928787698,-0.03991473010763724,46.32284672239299
2025-01-18,3477.284285084809,46.638827363719024,0.050714723840925346,52.66019928787698
2025-01-19,3309.0995676199964,43.55364478892831,-0.04836668609069761,46.638827363719024
2025-01-20,3208.1365439891497,46.28345953234967,-0.030510724010478274,43.55364478892831
2025-01-21,3263.069869880814,48.21139071662496,0.017123125882714918,46.28345953234967
2025-01-22,3326.0285404709143,45.1310543054095,0.01929430661942888,48.21139071662496
2025-01-23,3237.2996671291435,48.93892324535376,-0.026677123260406055,45.1310543054095
2025-01-24,3332.580893146162,47.98404189206989,0.029432315761337646,48.93892324535376
2025-01-25,3311.8499838687,48.31703740654677,-0.006220676989446172,47.98404189206989
2025-01-26,3320.1314101789453,45.05049834620827,0.0025005439106791094,48.31703740654677
2025-01-27,3232.2767744705584,42.85052132523879,-0.02646119230071431,45.05049834620827
2025-01-28,3173.5346079397173,39.18369551401218,-0.018173618978053918,42.85052132523879
2025-01-29,3076.4937692857234,41.09708177588378,-0.03057815673766784,39.18369551401218
2025-01-30,3114.4358854363104,47.746492459612014,0.012332908497778572,41.09708177588378
2025-01-31,3248.249484352305,50.02233687196658,0.042965597571531955,47.746492459612014
2025-02-01,3296.390634843652,42.85767878647052,0.014820644388079174,50.02233687196658
2025-02-02,3125.0386801320924,35.303012080973254,-0.05198168957899829,42.85767878647052
2025-02-03,2862.6976188716285,36.07465700685133,-0.08394810052379098,35.303012080973254
2025-02-04,2877.8138239498767,32.181271262773784,0.005280405788791187,36.07465700685133
2025-02-05,2740.3809762760143,34.85161342830639,-0.04775598981772633,32.181271262773784
2025-02-06,2790.5521609256075,32.27241466920449,0.018308105728340074,34.85161342830639
2025-02-07,2686.662316793651,30.645684615275403,-0.03722913536133188,32.27241466920449
2025-02-08,2623.4507017824767,31.21528383479497,-0.0235279344992686,30.645684615275403
2025-02-09,2635.6011418023404,31.117505140787703,0.004631472591273944,31.21528383479497
2025-02-10,2632.5358220552475,33.156973033641805,-0.0011630438682375122,31.117505140787703
2025-02-11,2660.2967996436387,31.357768314391954,0.010545337068468719,33.156973033641805
2025-02-12,2603.0333698049267,39.48177585353661,-0.021525203445864616,31.357768314391954
2025-02-13,2736.27031360324,37.31845994390636,0.05118526152751479,39.48177585353661
2025-02-14,2675.7090007037627,40.22075607815794,-0.022132796090503004,37.31845994390636
2025-02-15,2724.669833587396,38.96147924876362,0.018298265196535102,40.22075607815794
2025-02-16,2692.8213863864253,37.77730233505927,-0.011688919812731235,38.96147924876362
2025-02-17,2659.9017474093457,42.72865608741582,-0.012224961946419866,37.77730233505927
2025-02-18,2741.9050800956124,39.591623507048354,0.03082945930846326,42.72865608741582
2025-02-19,2669.494500689608,42.45196987371666,-0.026408857086868798,39.591623507048354
2025-02-20,2714.8018364720533,43.96673144571555,0.016972252900592677,42.45196987371666
2025-02-21,2741.5933625994785,40.22695980255466,0.009868685724126802,43.96673144571555
2025-02-22,2658.3470942919384,46.556230533968765,-0.03036419238650656,40.22695980255466
2025-02-23,2764.355233404291,49.70387642014014,0.03987746345839316,46.556230533968765
2025-02-24,2827.1844084879804,37.07912632139293,0.022728328951527432,49.70387642014014
2025-02-25,2503.103420098605,36.4236747060165,-0.11463029698961114,37.07912632139293
2025-02-26,2495.315451693047,31.60168283105784,-0.0031113250627299305,36.4236747060165
2025-02-27,2325.853934699374,30.89620248545725,-0.0679118613555233,31.60168283105784
2025-02-28,2305.322937802984,29.07700563523784,-0.008827294177888079,30.89620248545725
2025-03-01,2235.204208608959,28.508258045690688,-0.03041601158961682,29.07700563523784
2025-03-02,2212.8243514969954,45.01649147610675,-0.01001244406473778,28.508258045690688
2025-03-03,2517.3382391622977,34.44285793133372,0.1376132215190491,45.01649147610675
2025-03-04,2148.199533470228,35.50859817549256,-0.14663850091710728,34.44285793133372
2025-03-05,2171.496943535016,38.6699280070075,0.01084508664199979,35.50859817549256
2025-03-06,2241.3841149187283,37.58095100624738,0.03218386817986585,38.6699280070075
2025-03-07,2202.3207363495417,35.834216803004864,-0.017428239233596488,37.58095100624738
2025-03-08,2140.7498089428914,38.848525716724005,-0.027957293590536336,35.834216803004864
2025-03-09,2199.9995000805707,33.76654787760599,0.027677074121490675,38.848525716724005
2025-03-10,2017.265460184326,30.23208215855337,-0.08306094610001158,33.76654787760599
2025-03-11,1879.1231054991024,33.099640957821244,-0.06848000791755038,30.23208215855337
2025-03-12,1921.309922758704,32.830703464101255,0.022450267966023896,33.099640957821244
2025-03-13,1910.6551381032464,31.65730048080172,-0.005545583525722431,32.830703464101255
2025-03-14,1862.7949366490388,34.21602756109056,-0.025049105147106454,31.65730048080172
2025-03-15,1910.6662703455045,35.7714146415473,0.025698659983788064,34.21602756109056
2025-03-16,1939.7856881721348,34.21298636215147,0.015240452128442383,35.7714146415473
2025-03-17,1887.7643429692785,36.569954878143626,-0.026818088987900612,34.21298636215147
2025-03-18,1929.183357761872,36.91080219807348,0.021940776107384874,36.569954878143626
2025-03-19,1932.7964059050653,44.20711033899452,0.0018728381253427795,36.91080219807348
2025-03-20,2060.728601068271,41.11328757811803,0.0661902075005667,44.20711033899452
2025-03-21,1980.831780524645,40.41856067598722,-0.03877115137927811,41.11328757811803
2025-03-22,1964.529383316829,41.35815740062581,-0.008230076560816424,40.41856067598722
2025-03-23,1979.5449257665969,42.96886912380248,0.0076433280037870865,41.35815740062581
2025-03-24,2001.0470230951885,47.41342018687992,0.010862141620890275,42.96886912380248
2025-03-25,2077.739325831977,46.88382641730129,0.03832608721916109,47.41342018687992
2025-03-26,2068.598435049149,43.71340292801519,-0.004399440617589456,46.88382641730129
2025-03-27,2009.8835432902424,43.34523083759541,-0.02838390030857363,43.71340292801519
2025-03-28,2003.3034241292064,37.96006771144897,-0.0032738808091657967,43.34523083759541
2025-03-29,1896.9173600459983,34.974202431032204,-0.05310531734824542,37.96006771144897
2025-03-30,1829.2745211803465,34.08073123419742,-0.03565934936881565,34.974202431032204
2025-03-31,1805.3378779435927,35.53158099211601,-0.01308532041506194,34.08073123419742
2025-04-01,1824.207136760985,42.056818255880735,0.01045192650523985,35.53158099211601
2025-04-02,1907.1671522994227,36.68475578560357,0.045477300174222135,42.056818255880735
2025-04-03,1795.761850567479,38.25161383116454,-0.058414020814916534,36.68475578560357
2025-04-04,1818.2844199542053,38.23647041339324,0.012542069194536598,38.25161383116454
2025-04-05,1814.4807753449504,37.73775518747285,-0.0020918864878964882,38.23647041339324
2025-04-06,1809.935827172196,28.079794492186775,-0.002504820240870509,37.73775518747285
2025-04-07,1574.6321611455576,27.37267999380196,-0.13000663476244445,28.079794492186775
2025-04-08,1555.909812570873,24.785960790061203,-0.011889982331533155,27.37267999380196
2025-04-09,1471.3608854365525,39.372774929720286,-0.05434050640417132,24.785960790061203
2025-04-10,1662.5331604641576,34.075027898628484,0.12992888211166798,39.372774929720286
2025-04-11,1523.928624242526,36.88018029810725,-0.08336948670722155,34.075027898628484
2025-04-12,1568.131690125936,41.470088114008,0.029005994887314035,36.88018029810725
2025-04-13,1645.8625733156498,39.5696424668466,0.04956910422712735,41.470088114008
2025-04-14,1595.4227460001084,41.18593651020154,-0.030646439218754762,39.5696424668466
2025-04-15,1621.543195596693,39.68976045749748,0.016372118087241372,41.18593651020154
2025-04-16,1587.82222440214,39.216646203678216,-0.020795604635215792,39.68976045749748
2025-04-17,1577.7073516760115,39.54419150876578,-0.006370280356755242,39.216646203678216
2025-04-18,1583.4764497002343,40.04354921272986,0.0036566337971957186,39.54419150876578
2025-04-19,1589.1516208270757,41.98576221244108,0.0035839946517144394,40.04354921272986
2025-04-20,1615.0502549158562,40.49022003736131,0.01629714480944333,41.98576221244108
2025-04-21,1585.4600253443446,40.020173153368006,-0.018321553451012162,40.49022003736131
2025-04-22,1577.4465595922347,53.33753206836798,-0.005054347396976744,40.020173153368006
2025-04-23,1759.7064599311093,55.65254765074593,0.1155410934402672,53.33753206836798
2025-04-24,1793.969849485534,53.708133642973365,0.019471082441651077,55.65254765074593
2025-04-25,1769.3925107354407,54.79592705404105,-0.013699973138980859,53.708133642973365
2025-04-26,1788.7981804331257,57.074574164105485,0.010967419371306741,54.79592705404105
2025-04-27,1821.2695303291391,54.633049868329984,0.018152606734064936,57.074574164105485
2025-04-28,1793.6918440730135,55.06020498021512,-0.015142012643862612,54.633049868329984
2025-04-29,1799.50191449199,55.08484342259189,0.0032391686666664032,55.06020498021512
2025-04-30,1796.9720456768928,54.54783467404122,-0.0014058716996760978,55.08484342259189
2025-05-01,1794.0495408617828,58.23760737131733,-0.0016263496263845267,54.54783467404122
2025-05-02,1838.854328592576,58.51581712295497,0.024974108412452622,58.23760737131733
2025-05-03,1841.427590836958,57.46708549976647,0.0013993834119265802,58.51581712295497
2025-05-04,1834.501911876416,54.47401752420821,-0.003761037900705144,57.46708549976647
2025-05-05,1808.156093844096,55.5700515635228,-0.01436129221875393,54.47401752420821
2025-05-06,1820.00445988936,54.97822413605301,0.006552734072905686,55.5700515635228
2025-05-07,1816.168694381844,54.50620145310846,-0.0021075583011204158,54.97822413605301
2025-05-08,1810.316926928448,77.79695247815378,-0.003222039599899418,54.50620145310846
2025-05-09,2197.5611893238784,81.40524758452895,0.21390965119707794,77.79695247815378
2025-05-10,2341.407963002621,85.67778644472075,0.06545746001411668,81.40524758452895
2025-05-11,2583.682905142952,79.67111882161518,0.10347404039304542,85.67778644472075
2025-05-12,2507.4693107597423,78.53426046500964,-0.02949804491545882,79.67111882161518
2025-05-13,2492.426391077375,82.17132420788332,-0.00599924378648109,78.53426046500964
2025-05-14,2676.639163127913,76.82542884658386,0.0739090120013175,82.17132420788332
2025-05-15,2603.718088719961,72.25850783052108,-0.027243520685371947,76.82542884658386
2025-05-16,2542.296692466797,71.49388663070538,-0.023589879610722342,72.25850783052108
2025-05-17,2544.3870377235667,67.10904674316964,0.0008222271078601739,71.49388663070538
2025-05-18,2475.054393369692,67.89634227095667,-0.027249252305539762,67.10904674316964
2025-05-19,2465.3409856139087,68.99612540745385,-0.003924522944547926,67.89634227095667
2025-05-20,2526.989643891319,68.58765460784564,0.02500613855736411,68.99612540745385
2025-05-21,2524.2743433146065,69.67839158220748,-0.0010745198672563738,68.58765460784564
2025-05-22,2558.9502343769486,73.59666593198405,0.013736974015593484,69.67839158220748
2025-05-23,2657.1674447566115,62.82757613666414,0.038381836840831296,73.59666593198405
2025-05-24,2519.813809045145,63.005547127935365,-0.05169175016896532,62.82757613666414
2025-05-25,2529.442984228436,63.93944865181885,0.0038213836072833463,63.005547127935365
2025-05-26,2546.6201163370915,64.50491202291954,0.006790875388675621,63.93944865181885
2025-05-27,2562.172928639224,68.7270131486944,0.006107236883254874,64.50491202291954
2025-05-28,2662.0940568241435,69.48342725923229,0.038998588685420055,68.7270131486944
2025-05-29,2676.2674124507,65.09391533550591,0.005324137811819174,69.48342725923229
2025-05-30,2633.139206528669,57.049800233244326,-0.01611505850326722,65.09391533550591
2025-05-31,2524.4762348050726,56.98657537304468,-0.04126746183953167,57.049800233244326
2025-06-01,2532.3627853090866,57.412710683011234,0.003124034362170569,56.98657537304468
2025-06-02,2538.3300584367485,61.46878293599316,0.0023564053153362075,57.412710683011234
2025-06-03,2609.737253959435,60.26303068663231,0.02813156440603448,61.46878293599316
2025-06-04,2595.4689570063,61.1749338106279,-0.005467330832438111,60.26303068663231
2025-06-05,2610.343189828259,46.71835448804333,0.005730845973636711,61.1749338106279
2025-06-06,2421.601103763502,50.69182234295929,-0.07230546803203086,46.71835448804333
2025-06-07,2481.4039836690267,53.70202589790606,0.02469559491552209,50.69182234295929
2025-06-08,2526.291995889778,52.59969288042132,0.018089763906310452,53.70202589790606
2025-06-09,2508.784123584585,61.77731553476008,-0.0069302647254069205,52.59969288042132
2025-06-10,2685.0001850413178,67.08381080618516,0.070239627156502,61.77731553476008
2025-06-11,2808.503208314919,64.17706134415248,0.04599739842166928,67.08381080618516
2025-06-12,2776.1371915822333,56.19438813424617,-0.011524294021406867,64.17706134415248
2025-06-13,2653.158968452672,52.05269602264018,-0.044298323405073115,56.19438813424617
2025-06-14,2577.04861752583,49.54854984259261,-0.02868669078326269,52.05269602264018
2025-06-15,2534.070219535952,50.29758583236313,-0.016677371818906828,49.54854984259261
2025-06-16,2547.845604092044,49.92613720347357,0.005436070575271845,50.29758583236313
2025-06-17,2561.329843569428,48.09446258452624,0.005292408400150661,49.92613720347357
2025-06-18,2514.986700576147,49.00851639152667,-0.018093391255183944,48.09446258452624
2025-06-19,2521.3334233964915,48.82743166195752,0.0025235611857870044,49.00851639152667
2025-06-20,2522.1791903642184,41.66718637279618,0.00033544431683596443,48.82743166195752
2025-06-21,2405.695434213183,36.31095981284798,-0.04618377496573289,41.66718637279618
2025-06-22,2270.581996055585,33.200524688723334,-0.05616398328568506,36.31095981284798
2025-06-23,2227.4287266371684,46.4360033119033,-0.019005378133615802,33.200524688723334
2025-06-24,2423.899644268608,47.93835947495058,0.08820525446309513,46.4360033119033
2025-06-25,2446.539301545049,46.40215790471436,0.009340179297428142,47.93835947495058
2025-06-26,2417.2267855277296,46.22630378597928,-0.011981216078894796,46.40215790471436
2025-06-27,2415.031864876594,46.75659658076626,-0.0009080325703308967,46.22630378597928
2025-06-28,2423.0302896731746,47.70918475703309,0.0033119334419171587,46.75659658076626
2025-06-29,2437.133001780241,52.15405575860972,0.005820278915691368,47.70918475703309
2025-06-30,2502.6672721177083,51.09224276614832,0.026889903131916304,52.15405575860972
2025-07-01,2488.190781689803,45.53601004786415,-0.005784424717256043,51.09224276614832
2025-07-02,2405.1045592800183,56.08895631147065,-0.033392223386246256,45.53601004786415
2025-07-03,2574.067718495133,57.15143196539791,0.0702518975997013,56.08895631147065
2025-07-04,2590.132231590221,51.52187333972971,0.00624090538864297,57.15143196539791
2025-07-05,2509.236345783362,52.06201738024754,-0.031232338187302755,51.52187333972971
2025-07-06,2517.37917835065,55.360518708368346,0.003245143719112553,52.06201738024754
2025-07-07,2571.358192115984,53.29480675220496,0.021442543987632456,55.360518708368346
2025-07-08,2543.6317028067488,57.66444956266808,-0.01078281874312459,53.29480675220496
2025-07-09,2615.7759888945047,65.17904761566393,0.0283627091171057,57.66444956266808
2025-07-10,2772.5795626609174,71.61192996362556,0.05994533722770434,65.17904761566393
2025-07-11,2948.4462027029053,71.70493291018364,0.06343069191248163,71.61192996362556
2025-07-12,2958.8514450990992,70.48044672893228,0.0035290596066006596,71.70493291018364
2025-07-13,2942.9616055388096,71.54447208340554,-0.005370272842392554,70.48044672893228
2025-07-14,2974.2654952333387,72.92491748421729,0.010636866493811459,71.54447208340554
2025-07-15,3012.179706905928,76.76569499692118,0.012747420071729243,72.92491748421729
2025-07-16,3133.069857747011,81.84292155980323,0.04013377773043292,76.76569499692118
2025-07-17,3368.126521526108,83.59744394735576,0.07502439283244255,81.84292155980323
2025-07-18,3481.8828152374017,84.69052028923318,0.03377435288854613,83.59744394735576
2025-07-19,3547.317079001209,85.363221010164,0.01879278173218646,84.69052028923318
2025-07-20,3594.3185010809702,87.46819022956866,0.013249850812038222,85.363221010164
2025-07-21,3758.605581813957,87.51411853418574,0.04570743541051758,87.46819022956866
2025-07-22,3765.453624023574,86.2720231606109,0.0018219635076239804,87.51411853418574
2025-07-23,3746.940668731632,76.45966519845487,-0.004916527234283152,86.2720231606109
2025-07-24,3630.053531480921,78.209407941329,-0.031195353111977187,76.45966519845487
2025-07-25,3708.4299352383423,78.63018905364937,0.021590977399566613,78.209407941329
2025-07-26,3723.05290927856,78.95128312575453,0.003943171179066063,78.63018905364937
2025-07-27,3742.431425865992,81.7490050369811,0.005205007035794962,78.95128312575453
2025-07-28,3864.124837465477,74.73058031988916,0.03251720546123971,81.7490050369811
2025-07-29,3786.303845995956,74.88996754386731,-0.02013935748529394,74.73058031988916
2025-07-30,3788.598371605823,75.30033115360622,0.0006060067293049975,74.88996754386731
2025-07-31,3807.4166010824174,66.45725582485352,0.004967068987209222,75.30033115360622
2025-08-01,3696.66285308512,53.75370934587183,-0.029088949175094525,66.45725582485352
2025-08-02,3483.1789551579504,49.11326606013641,-0.05775043773575472,53.75370934587183
2025-08-03,3397.4855484143177,53.81202808464677,-0.02460206835389167,49.11326606013641
2025-08-04,3497.573127822404,61.84703763618346,0.02945930982835221,53.81202808464677
2025-08-05,3715.709014855071,56.712803935630895,0.06236778447817004,61.84703763618346
2025-08-06,3612.442432236669,59.16790045161178,-0.02779189172390828,56.712803935630895
2025-08-07,3684.0459195726726,65.84232057211184,0.019821350424031436,59.16790045161178
2025-08-08,3911.2609462690816,68.1656372103006,0.061675405697104946,65.84232057211184
2025-08-09,4012.97697001236,73.35104232058055,0.026005941598016946,68.1656372103006
2025-08-10,4265.563258333516,72.8784040319911,0.06294237176257167,73.35104232058055
2025-08-11,4253.591618951185,71.43844505799728,-0.0028065787933029274,72.8784040319911
2025-08-12,4228.824213261163,77.75912122386579,-0.005822704177729565,71.43844505799728
2025-08-13,4606.809427709522,79.93195556125008,0.08938305197530694,77.75912122386579
2025-08-14,4763.652535322159,70.58525595932795,0.03404592919977101,79.93195556125008
2025-08-15,4554.291501538621,66.24867683390963,-0.04394968613498573,70.58525595932795
2025-08-16,4430.532465017841,65.69386621367184,-0.027174157929717335,66.24867683390963
2025-08-17,4426.826913311333,66.71755222710875,-0.0008363671264720596,65.69386621367184
2025-08-18,4487.118013759226,60.12176124671379,0.013619484481446564,66.71755222710875
2025-08-19,4317.275757328232,51.90505952199711,-0.03785107855647929,60.12176124671379
2025-08-20,4074.495786100515,58.56468534538202,-0.05623452956777608,51.90505952199711
2025-08-21,4330.491598768078,55.06394448751234,0.06282883235291381,58.56468534538202
2025-08-22,4224.438592580698,66.75750880072098,-0.024489830719807704,55.06394448751234
2025-08-23,4829.225541798332,65.0997874749389,0.14316386330714104,66.75750880072098
2025-08-24,4773.884088598777,65.15976111624987,-0.011459695290799488,65.0997874749389
2025-08-25,4778.10916071381,53.780986268596095,0.0008850386889625028,65.15976111624987
2025-08-26,4381.626176071471,58.17966376686724,-0.08297905537660588,53.780986268596095
2025-08-27,4602.369685333965,55.74225024255996,0.05037935697663998,58.17966376686724
2025-08-28,4500.1451479982325,55.81999866824757,-0.022211283387660985,55.74225024255996
2025-08-29,4507.560431032719,51.99860154839192,0.0016477875247613571,55.81999866824757
2025-08-30,4364.358521430426,52.33324472615357,-0.03176927115971784,51.99860154839192
2025-08-31,4373.360357620914,52.73537805495685,0.002062579448110613,52.33324472615357
2025-09-01,4388.931464519364,50.548552157118685,0.0035604445152379594,52.73537805495685
2025-09-02,4303.202222745541,50.86500163360571,-0.019533055475317584,50.548552157118685
2025-09-03,4325.856306225941,54.46576680696064,0.005264471039882146,50.86500163360571
2025-09-04,4449.8670977283255,49.707513207265926,0.028667339533193337,54.46576680696064
2025-09-05,4298.094660544595,49.96345661474439,-0.034107184293483916,49.707513207265926
2025-09-06,4306.613513100346,48.89901926271191,0.0019820067328790714,49.96345661474439
2025-09-07,4273.110024157841,49.988921179584445,-0.007779543913237208,48.89901926271191
2025-09-08,4304.032421076036,50.08933839093485,0.0072365084782224365,49.988921179584445
2025-09-09,4309.685702772004,50.12770157492076,0.0013134849236462465,50.08933839093485
2025-09-10,4309.342746120013,51.77926207820837,-7.957811210479449e-05,50.12770157492076
2025-09-11,4347.476803670656,56.14996955279705,0.008849158629811615,51.77926207820837
2025-09-12,4459.31901599882,64.0929313259426,0.02572577551966071,56.14996955279705
2025-09-13,4708.841744149995,61.857080567878256,0.055955343687221326,64.0929313259426
2025-09-14,4667.699652630318,59.09387413458133,-0.008737199879522262,61.857080567878256
2025-09-15,4609.786110950785,55.33259395337935,-0.012407298238844122,59.09387413458133
2025-09-16,4524.244939102515,54.28717180641828,-0.018556429688801113,55.33259395337935
2025-09-17,4504.266635522813,57.59538161632607,-0.004415831558329586,54.28717180641828
2025-09-18,4591.768794331328,57.45405582026216,0.019426505109273684,57.59538161632607
2025-09-19,4590.636737213516,51.67951796080951,-0.00024654053122374897,57.45405582026216
2025-09-20,4470.479474009387,52.17318921424212,-0.02617442199904152,51.67951796080951
2025-09-21,4481.799472368209,50.653908982883465,0.0025321664990600734,52.17318921424212
2025-09-22,4452.87113037789,40.46320124683434,-0.006454626577710898,50.653908982883465
2025-09-23,4199.951774017639,39.18609030607889,-0.05679916372041682,40.46320124683434
2025-09-24,4166.1905498775295,38.76183034254292,-0.008038479000870402,39.18609030607889
2025-09-25,4148.65682762035,30.37172091616925,-0.004208574247208885,38.76183034254292
2025-09-26,3863.063287590725,38.76023546291835,-0.06884000096808196,30.37172091616925
2025-09-27,4037.097921026092,38.24992391255569,0.04505094027178291,38.76023546291835
2025-09-28,4018.167453105732,43.91811293164014,-0.004689127757284806,38.24992391255569
2025-09-29,4141.839664086501,47.14550982234452,0.03077826208690726,43.91811293164014
2025-09-30,4215.61278947927,44.54775397203712,0.017811680648202932,47.14550982234452
2025-10-01,4144.230463371581,52.62674759467544,-0.016932846936472568,44.54775397203712
2025-10-02,4343.951983440489,57.113995530535725,0.04819266733212091,52.62674759467544
2025-10-03,4484.006245909478,57.95866336255733,0.03224120869726166,57.113995530535725
2025-10-04,4515.759068159723,56.81060513662269,0.007081351030501226,57.95866336255733
2025-10-05,4487.706651673285,57.73167540579299,-0.006212115408068097,56.81060513662269
2025-10-06,4515.321391965295,63.274682868161314,0.006153419203929866,57.73167540579299
2025-10-07,4689.131734746596,52.99868890176583,0.03849345986546693,63.274682868161314
2025-10-08,4454.32846286666,55.514003859561015,-0.05007393376049496,52.99868890176583
2025-10-09,4527.578004547945,49.591880563970086,0.016444575718186805,55.514003859561015
2025-10-10,4368.649439385323,35.90121630704197,-0.035102336172447846,49.591880563970086
2025-10-11,3835.632842050135,34.11979364249363,-0.12200946876849528,35.90121630704197
2025-10-12,3749.218185954949,46.84193454279813,-0.02252943898796045,34.11979364249363
2025-10-13,4159.729307791921,48.922180202489386,0.10949245988798384,46.84193454279813
2025-10-14,4246.217461554773,46.04731258833877,0.02079177450341385,48.922180202489386
2025-10-15,4128.888447033946,42.9258243398864,-0.027631419159080517,46.04731258833877
2025-10-16,3983.1544356894233,40.918418567907175,-0.0352961852115945,42.9258243398864
2025-10-17,3890.1993012479857,39.58107154397025,-0.02333706511817646,40.918418567907175
2025-10-18,3831.244175835675,41.49436306246975,-0.015154782787966115,39.58107154397025
2025-10-19,3889.499030204316,44.57871720767182,0.01520520533148595,41.49436306246975
2025-10-20,3985.07656440468,44.47457699346784,0.0245732248441628,44.57871720767182
2025-10-21,3978.790155134436,41.67141759093358,-0.0015774877015902744,44.47457699346784
2025-10-22,3877.487197955012,39.88453069443224,-0.025460743901936533,41.67141759093358
2025-10-23,3801.790795238292,41.761415371082016,-0.01952202518080326,39.88453069443224
2025-10-24,3855.842116240121,44.804167495773655,0.014217331755741913,41.761415371082016
2025-10-25,3933.232269901015,45.5416506576066,0.020070882398151246,44.804167495773655
2025-10-26,3952.213557935584,52.8774549524624,0.004825875191715179,45.5416506576066
2025-10-27,4161.590896249249,51.49433993836149,0.05297723294665091,52.8774549524624
2025-10-28,4123.206220671679,46.70465819085329,-0.00922355813786635,51.49433993836149
2025-10-29,3982.312789317544,44.17203239987808,-0.03417084274072124,46.70465819085329
2025-10-30,3897.359267616961,41.15728403076111,-0.02133270945679322,44.17203239987808
2025-10-31,3802.295364533181,42.965974272134254,-0.02439187576923252,41.15728403076111
2025-11-01,3847.298177365196,44.139714330040825,0.011835696209134383,42.965974272134254
2025-11-02,3872.21189619576,45.77452961282808,0.006475640223869039,44.139714330040825
2025-11-03,3910.094769162728,36.21706417438646,0.009783264444847672,45.77452961282808
2025-11-04,3600.71550248779,29.55124517709764,-0.07912321438213765,36.21706417438646
2025-11-05,3296.7437604313104,35.061497613725976,-0.08441981651881714,29.55124517709764
2025-11-06,3427.690591370681,32.71488791789158,0.039720051194466865,35.061497613725976
2025-11-07,3308.918164921951,37.61480849988744,-0.034650859896089625,32.71488791789158
2025-11-08,3434.35122852996,36.79571892935829,0.037907575030937,37.61480849988744
2025-11-09,3401.4594003397083,43.68679339868383,-0.009577304708094925,36.79571892935829
2025-11-10,3576.2547046627064,43.29180906968643,0.05138832593607945,43.68679339868383
2025-11-11,3564.610595799933,39.1668195836675,-0.0032559506591048892,43.29180906968643
2025-11-12,3416.781328259322,39.10949599591397,-0.04147136512324612,39.1668195836675
2025-11-13,3409.6144555411624,34.612954171042006,-0.0020975508906244666,39.10949599591397
2025-11-14,3235.7276362968546,31.797297939376733,-0.05099896821522276,34.612954171042006