date,inflation_12m
2018-02-01,2.263468931091861
2018-02-02,2.263468931091861
2018-02-03,2.263468931091861
2018-02-04,2.263468931091861
2018-02-05,2.263468931091861
2018-02-06,2.263468931091861
2018-02-07,2.263468931091861
2018-02-08,2.263468931091861
2018-02-09,2.263468931091861
2018-02-10,2.263468931091861
2018-02-11,2.263468931091861
2018-02-12,2.263468931091861
2018-02-13,2.263468931091861
2018-02-14,2.263468931091861
2018-02-15,2.263468931091861
2018-02-16,2.263468931091861
2018-02-17,2.263468931091861
2018-02-18,2.263468931091861
2018-02-19,2.263468931091861
2018-02-20,2.263468931091861
2018-02-21,2.263468931091861
2018-02-22,2.263468931091861
2018-02-23,2.263468931091861
2018-02-24,2.263468931091861
2018-02-25,2.263468931091861
2018-02-26,2.263468931091861
2018-02-27,2.263468931091861
2018-02-28,2.263468931091861
2018-03-01,2.3309497646499366
2018-03-02,2.3309497646499366
2018-03-03,2.3309497646499366
2018-03-04,2.3309497646499366
2018-03-05,2.3309497646499366
2018-03-06,2.3309497646499366
2018-03-07,2.3309497646499366
2018-03-08,2.3309497646499366
2018-03-09,2.3309497646499366
2018-03-10,2.3309497646499366
2018-03-11,2.3309497646499366
2018-03-12,2.3309497646499366
2018-03-13,2.3309497646499366
2018-03-14,2.3309497646499366
2018-03-15,2.3309497646499366
2018-03-16,2.3309497646499366
2018-03-17,2.3309497646499366
2018-03-18,2.3309497646499366
2018-03-19,2.3309497646499366
2018-03-20,2.3309497646499366
2018-03-21,2.3309497646499366
2018-03-22,2.3309497646499366
2018-03-23,2.3309497646499366
2018-03-24,2.3309497646499366
2018-03-25,2.3309497646499366
2018-03-26,2.3309497646499366
2018-03-27,2.3309497646499366
2018-03-28,2.3309497646499366
2018-03-29,2.3309497646499366
2018-03-30,2.3309497646499366
2018-03-31,2.3309497646499366
2018-04-01,2.4709963021052994
2018-04-02,2.4709963021052994
2018-04-03,2.4709963021052994
2018-04-04,2.4709963021052994
2018-04-05,2.4709963021052994
2018-04-06,2.4709963021052994
2018-04-07,2.4709963021052994
2018-04-08,2.4709963021052994
2018-04-09,2.4709963021052994
2018-04-10,2.4709963021052994
2018-04-11,2.4709963021052994
2018-04-12,2.4709963021052994
2018-04-13,2.4709963021052994
2018-04-14,2.4709963021052994
2018-04-15,2.4709963021052994
2018-04-16,2.4709963021052994
2018-04-17,2.4709963021052994
2018-04-18,2.4709963021052994
2018-04-19,2.4709963021052994
2018-04-20,2.4709963021052994
2018-04-21,2.4709963021052994
2018-04-22,2.4709963021052994
2018-04-23,2.4709963021052994
2018-04-24,2.4709963021052994
2018-04-25,2.4709963021052994
2018-04-26,2.4709963021052994
2018-04-27,2.4709963021052994
2018-04-28,2.4709963021052994
2018-04-29,2.4709963021052994
2018-04-30,2.4709963021052994
2018-05-01,2.781921607842497
2018-05-02,2.781921607842497
2018-05-03,2.781921607842497
2018-05-04,2.781921607842497
2018-05-05,2.781921607842497
2018-05-06,2.781921607842497
2018-05-07,2.781921607842497
2018-05-08,2.781921607842497
2018-05-09,2.781921607842497
2018-05-10,2.781921607842497
2018-05-11,2.781921607842497
2018-05-12,2.781921607842497
2018-05-13,2.781921607842497
2018-05-14,2.781921607842497
2018-05-15,2.781921607842497
2018-05-16,2.781921607842497
2018-05-17,2.781921607842497
2018-05-18,2.781921607842497
2018-05-19,2.781921607842497
2018-05-20,2.781921607842497
2018-05-21,2.781921607842497
2018-05-22,2.781921607842497
2018-05-23,2.781921607842497
2018-05-24,2.781921607842497
2018-05-25,2.781921607842497
2018-05-26,2.781921607842497
2018-05-27,2.781921607842497
2018-05-28,2.781921607842497
2018-05-29,2.781921607842497
2018-05-30,2.781921607842497
2018-05-31,2.781921607842497
2018-06-01,2.8075506935940187
2018-06-02,2.8075506935940187
2018-06-03,2.8075506935940187
2018-06-04,2.8075506935940187
2018-06-05,2.8075506935940187
2018-06-06,2.8075506935940187
2018-06-07,2.8075506935940187
2018-06-08,2.8075506935940187
2018-06-09,2.8075506935940187
2018-06-10,2.8075506935940187
2018-06-11,2.8075506935940187
2018-06-12,2.8075506935940187
2018-06-13,2.8075506935940187
2018-06-14,2.8075506935940187
2018-06-15,2.8075506935940187
2018-06-16,2.8075506935940187
2018-06-17,2.8075506935940187
2018-06-18,2.8075506935940187
2018-06-19,2.8075506935940187
2018-06-20,2.8075506935940187
2018-06-21,2.8075506935940187
2018-06-22,2.8075506935940187
2018-06-23,2.8075506935940187
2018-06-24,2.8075506935940187
2018-06-25,2.8075506935940187
2018-06-26,2.8075506935940187
2018-06-27,2.8075506935940187
2018-06-28,2.8075506935940187
2018-06-29,2.8075506935940187
2018-06-30,2.8075506935940187
2018-07-01,2.854124785561929
2018-07-02,2.854124785561929
2018-07-03,2.854124785561929
2018-07-04,2.854124785561929
2018-07-05,2.854124785561929
2018-07-06,2.854124785561929
2018-07-07,2.854124785561929
2018-07-08,2.854124785561929
2018-07-09,2.854124785561929
2018-07-10,2.854124785561929
2018-07-11,2.854124785561929
2018-07-12,2.854124785561929
2018-07-13,2.854124785561929
2018-07-14,2.854124785561929
2018-07-15,2.854124785561929
2018-07-16,2.854124785561929
2018-07-17,2.854124785561929
2018-07-18,2.854124785561929
2018-07-19,2.854124785561929
2018-07-20,2.854124785561929
2018-07-21,2.854124785561929
2018-07-22,2.854124785561929
2018-07-23,2.854124785561929
2018-07-24,2.854124785561929
2018-07-25,2.854124785561929
2018-07-26,2.854124785561929
2018-07-27,2.854124785561929
2018-07-28,2.854124785561929
2018-07-29,2.854124785561929
2018-07-30,2.854124785561929
2018-07-31,2.854124785561929
2018-08-01,2.642923856874257
2018-08-02,2.642923856874257
2018-08-03,2.642923856874257
2018-08-04,2.642923856874257
2018-08-05,2.642923856874257
2018-08-06,2.642923856874257
2018-08-07,2.642923856874257
2018-08-08,2.642923856874257
2018-08-09,2.642923856874257
2018-08-10,2.642923856874257
2018-08-11,2.642923856874257
2018-08-12,2.642923856874257
2018-08-13,2.642923856874257
2018-08-14,2.642923856874257
2018-08-15,2.642923856874257
2018-08-16,2.642923856874257
2018-08-17,2.642923856874257
2018-08-18,2.642923856874257
2018-08-19,2.642923856874257
2018-08-20,2.642923856874257
2018-08-21,2.642923856874257
2018-08-22,2.642923856874257
2018-08-23,2.642923856874257
2018-08-24,2.642923856874257
2018-08-25,2.642923856874257
2018-08-26,2.642923856874257
2018-08-27,2.642923856874257
2018-08-28,2.642923856874257
2018-08-29,2.642923856874257
2018-08-30,2.642923856874257
2018-08-31,2.642923856874257
2018-09-01,2.332055105808828
2018-09-02,2.332055105808828
2018-09-03,2.332055105808828
2018-09-04,2.332055105808828
2018-09-05,2.332055105808828
2018-09-06,2.332055105808828
2018-09-07,2.332055105808828
2018-09-08,2.332055105808828
2018-09-09,2.332055105808828
2018-09-10,2.332055105808828
2018-09-11,2.332055105808828
2018-09-12,2.332055105808828
2018-09-13,2.332055105808828
2018-09-14,2.332055105808828
2018-09-15,2.332055105808828
2018-09-16,2.332055105808828
2018-09-17,2.332055105808828
2018-09-18,2.332055105808828
2018-09-19,2.332055105808828
2018-09-20,2.332055105808828
2018-09-21,2.332055105808828
2018-09-22,2.332055105808828
2018-09-23,2.332055105808828
2018-09-24,2.332055105808828
2018-09-25,2.332055105808828
2018-09-26,2.332055105808828
2018-09-27,2.332055105808828
2018-09-28,2.332055105808828
2018-09-29,2.332055105808828
2018-09-30,2.332055105808828
2018-10-01,2.492032470218053
2018-10-02,2.492032470218053
2018-10-03,2.492032470218053
2018-10-04,2.492032470218053
2018-10-05,2.492032470218053
2018-10-06,2.492032470218053
2018-10-07,2.492032470218053
2018-10-08,2.492032470218053
2018-10-09,2.492032470218053
2018-10-10,2.492032470218053
2018-10-11,2.492032470218053
2018-10-12,2.492032470218053
2018-10-13,2.492032470218053
2018-10-14,2.492032470218053
2018-10-15,2.492032470218053
2018-10-16,2.492032470218053
2018-10-17,2.492032470218053
2018-10-18,2.492032470218053
2018-10-19,2.492032470218053
2018-10-20,2.492032470218053
2018-10-21,2.492032470218053
2018-10-22,2.492032470218053
2018-10-23,2.492032470218053
2018-10-24,2.492032470218053
2018-10-25,2.492032470218053
2018-10-26,2.492032470218053
2018-10-27,2.492032470218053
2018-10-28,2.492032470218053
2018-10-29,2.492032470218053
2018-10-30,2.492032470218053
2018-10-31,2.492032470218053
2018-11-01,2.147328577667773
2018-11-02,2.147328577667773
2018-11-03,2.147328577667773
2018-11-04,2.147328577667773
2018-11-05,2.147328577667773
2018-11-06,2.147328577667773
2018-11-07,2.147328577667773
2018-11-08,2.147328577667773
2018-11-09,2.147328577667773
2018-11-10,2.147328577667773
2018-11-11,2.147328577667773
2018-11-12,2.147328577667773
2018-11-13,2.147328577667773
2018-11-14,2.147328577667773
2018-11-15,2.147328577667773
2018-11-16,2.147328577667773
2018-11-17,2.147328577667773
2018-11-18,2.147328577667773
2018-11-19,2.147328577667773
2018-11-20,2.147328577667773
2018-11-21,2.147328577667773
2018-11-22,2.147328577667773
2018-11-23,2.147328577667773
2018-11-24,2.147328577667773
2018-11-25,2.147328577667773
2018-11-26,2.147328577667773
2018-11-27,2.147328577667773
2018-11-28,2.147328577667773
2018-11-29,2.147328577667773
2018-11-30,2.147328577667773
2018-12-01,2.0023809043401064
2018-12-02,2.0023809043401064
2018-12-03,2.0023809043401064
2018-12-04,2.0023809043401064
2018-12-05,2.0023809043401064
2018-12-06,2.0023809043401064
2018-12-07,2.0023809043401064
2018-12-08,2.0023809043401064
2018-12-09,2.0023809043401064
2018-12-10,2.0023809043401064
2018-12-11,2.0023809043401064
2018-12-12,2.0023809043401064
2018-12-13,2.0023809043401064
2018-12-14,2.0023809043401064
2018-12-15,2.0023809043401064
2018-12-16,2.0023809043401064
2018-12-17,2.0023809043401064
2018-12-18,2.0023809043401064
2018-12-19,2.0023809043401064
2018-12-20,2.0023809043401064
2018-12-21,2.0023809043401064
2018-12-22,2.0023809043401064
2018-12-23,2.0023809043401064
2018-12-24,2.0023809043401064
2018-12-25,2.0023809043401064
2018-12-26,2.0023809043401064
2018-12-27,2.0023809043401064
2018-12-28,2.0023809043401064
2018-12-29,2.0023809043401064
2018-12-30,2.0023809043401064
2018-12-31,2.0023809043401064
2019-01-01,1.4875893578291333
2019-01-02,1.4875893578291333
2019-01-03,1.4875893578291333
2019-01-04,1.4875893578291333
2019-01-05,1.4875893578291333
2019-01-06,1.4875893578291333
2019-01-07,1.4875893578291333
2019-01-08,1.4875893578291333
2019-01-09,1.4875893578291333
2019-01-10,1.4875893578291333
2019-01-11,1.4875893578291333
2019-01-12,1.4875893578291333
2019-01-13,1.4875893578291333
2019-01-14,1.4875893578291333
2019-01-15,1.4875893578291333
2019-01-16,1.4875893578291333
2019-01-17,1.4875893578291333
2019-01-18,1.4875893578291333
2019-01-19,1.4875893578291333
2019-01-20,1.4875893578291333
2019-01-21,1.4875893578291333
2019-01-22,1.4875893578291333
2019-01-23,1.4875893578291333
2019-01-24,1.4875893578291333
2019-01-25,1.4875893578291333
2019-01-26,1.4875893578291333
2019-01-27,1.4875893578291333
2019-01-28,1.4875893578291333
2019-01-29,1.4875893578291333
2019-01-30,1.4875893578291333
2019-01-31,1.4875893578291333
2019-02-01,1.5188615351321877
2019-02-02,1.5188615351321877
2019-02-03,1.5188615351321877
2019-02-04,1.5188615351321877
2019-02-05,1.5188615351321877
2019-02-06,1.5188615351321877
2019-02-07,1.5188615351321877
2019-02-08,1.5188615351321877
2019-02-09,1.5188615351321877
2019-02-10,1.5188615351321877
2019-02-11,1.5188615351321877
2019-02-12,1.5188615351321877
2019-02-13,1.5188615351321877
2019-02-14,1.5188615351321877
2019-02-15,1.5188615351321877
2019-02-16,1.5188615351321877
2019-02-17,1.5188615351321877
2019-02-18,1.5188615351321877
2019-02-19,1.5188615351321877
2019-02-20,1.5188615351321877
2019-02-21,1.5188615351321877
2019-02-22,1.5188615351321877
2019-02-23,1.5188615351321877
2019-02-24,1.5188615351321877
2019-02-25,1.5188615351321877
2019-02-26,1.5188615351321877
2019-02-27,1.5188615351321877
2019-02-28,1.5188615351321877
2019-03-01,1.8831863513063984
2019-03-02,1.8831863513063984
2019-03-03,1.8831863513063984
2019-03-04,1.8831863513063984
2019-03-05,1.8831863513063984
2019-03-06,1.8831863513063984
2019-03-07,1.8831863513063984
2019-03-08,1.8831863513063984
2019-03-09,1.8831863513063984
2019-03-10,1.8831863513063984
2019-03-11,1.8831863513063984
2019-03-12,1.8831863513063984
2019-03-13,1.8831863513063984
2019-03-14,1.8831863513063984
2019-03-15,1.8831863513063984
2019-03-16,1.8831863513063984
2019-03-17,1.8831863513063984
2019-03-18,1.8831863513063984
2019-03-19,1.8831863513063984
2019-03-20,1.8831863513063984
2019-03-21,1.8831863513063984
2019-03-22,1.8831863513063984
2019-03-23,1.8831863513063984
2019-03-24,1.8831863513063984
2019-03-25,1.8831863513063984
2019-03-26,1.8831863513063984
2019-03-27,1.8831863513063984
2019-03-28,1.8831863513063984
2019-03-29,1.8831863513063984
2019-03-30,1.8831863513063984
2019-03-31,1.8831863513063984
2019-04-01,2.000583470209061
2019-04-02,2.000583470209061
2019-04-03,2.000583470209061
2019-04-04,2.000583470209061
2019-04-05,2.000583470209061
2019-04-06,2.000583470209061
2019-04-07,2.000583470209061
2019-04-08,2.000583470209061
2019-04-09,2.000583470209061
2019-04-10,2.000583470209061
2019-04-11,2.000583470209061
2019-04-12,2.000583470209061
2019-04-13,2.000583470209061
2019-04-14,2.000583470209061
2019-04-15,2.000583470209061
2019-04-16,2.000583470209061
2019-04-17,2.000583470209061
2019-04-18,2.000583470209061
2019-04-19,2.000583470209061
2019-04-20,2.000583470209061
2019-04-21,2.000583470209061
2019-04-22,2.000583470209061
2019-04-23,2.000583470209061
2019-04-24,2.000583470209061
2019-04-25,2.000583470209061
2019-04-26,2.000583470209061
2019-04-27,2.000583470209061
2019-04-28,2.000583470209061
2019-04-29,2.000583470209061
2019-04-30,2.000583470209061
2019-05-01,1.7959105553606136
2019-05-02,1.7959105553606136
2019-05-03,1.7959105553606136
2019-05-04,1.7959105553606136
2019-05-05,1.7959105553606136
2019-05-06,1.7959105553606136
2019-05-07,1.7959105553606136
2019-05-08,1.7959105553606136
2019-05-09,1.7959105553606136
2019-05-10,1.7959105553606136
2019-05-11,1.7959105553606136
2019-05-12,1.7959105553606136
2019-05-13,1.7959105553606136
2019-05-14,1.7959105553606136
2019-05-15,1.7959105553606136
2019-05-16,1.7959105553606136
2019-05-17,1.7959105553606136
2019-05-18,1.7959105553606136
2019-05-19,1.7959105553606136
2019-05-20,1.7959105553606136
2019-05-21,1.7959105553606136
2019-05-22,1.7959105553606136
2019-05-23,1.7959105553606136
2019-05-24,1.7959105553606136
2019-05-25,1.7959105553606136
2019-05-26,1.7959105553606136
2019-05-27,1.7959105553606136
2019-05-28,1.7959105553606136
2019-05-29,1.7959105553606136
2019-05-30,1.7959105553606136
2019-05-31,1.7959105553606136
2019-06-01,1.671194894390049
2019-06-02,1.671194894390049
2019-06-03,1.671194894390049
2019-06-04,1.671194894390049
2019-06-05,1.671194894390049
2019-06-06,1.671194894390049
2019-06-07,1.671194894390049
2019-06-08,1.671194894390049
2019-06-09,1.671194894390049
2019-06-10,1.671194894390049
2019-06-11,1.671194894390049
2019-06-12,1.671194894390049
2019-06-13,1.671194894390049
2019-06-14,1.671194894390049
2019-06-15,1.671194894390049
2019-06-16,1.671194894390049
2019-06-17,1.671194894390049
2019-06-18,1.671194894390049
2019-06-19,1.671194894390049
2019-06-20,1.671194894390049
2019-06-21,1.671194894390049
2019-06-22,1.671194894390049
2019-06-23,1.671194894390049
2019-06-24,1.671194894390049
2019-06-25,1.671194894390049
2019-06-26,1.671194894390049
2019-06-27,1.671194894390049
2019-06-28,1.671194894390049
2019-06-29,1.671194894390049
2019-06-30,1.671194894390049
2019-07-01,1.826331335037068
2019-07-02,1.826331335037068
2019-07-03,1.826331335037068
2019-07-04,1.826331335037068
2019-07-05,1.826331335037068
2019-07-06,1.826331335037068
2019-07-07,1.826331335037068
2019-07-08,1.826331335037068
2019-07-09,1.826331335037068
2019-07-10,1.826331335037068
2019-07-11,1.826331335037068
2019-07-12,1.826331335037068
2019-07-13,1.826331335037068
2019-07-14,1.826331335037068
2019-07-15,1.826331335037068
2019-07-16,1.826331335037068
2019-07-17,1.826331335037068
2019-07-18,1.826331335037068
2019-07-19,1.826331335037068
2019-07-20,1.826331335037068
2019-07-21,1.826331335037068
2019-07-22,1.826331335037068
2019-07-23,1.826331335037068
2019-07-24,1.826331335037068
2019-07-25,1.826331335037068
2019-07-26,1.826331335037068
2019-07-27,1.826331335037068
2019-07-28,1.826331335037068
2019-07-29,1.826331335037068
2019-07-30,1.826331335037068
2019-07-31,1.826331335037068
2019-08-01,1.7376412106666406
2019-08-02,1.7376412106666406
2019-08-03,1.7376412106666406
2019-08-04,1.7376412106666406
2019-08-05,1.7376412106666406
2019-08-06,1.7376412106666406
2019-08-07,1.7376412106666406
2019-08-08,1.7376412106666406
2019-08-09,1.7376412106666406
2019-08-10,1.7376412106666406
2019-08-11,1.7376412106666406
2019-08-12,1.7376412106666406
2019-08-13,1.7376412106666406
2019-08-14,1.7376412106666406
2019-08-15,1.7376412106666406
2019-08-16,1.7376412106666406
2019-08-17,1.7376412106666406
2019-08-18,1.7376412106666406
2019-08-19,1.7376412106666406
2019-08-20,1.7376412106666406
2019-08-21,1.7376412106666406
2019-08-22,1.7376412106666406
2019-08-23,1.7376412106666406
2019-08-24,1.7376412106666406
2019-08-25,1.7376412106666406
2019-08-26,1.7376412106666406
2019-08-27,1.7376412106666406
2019-08-28,1.7376412106666406
2019-08-29,1.7376412106666406
2019-08-30,1.7376412106666406
2019-08-31,1.7376412106666406
2019-09-01,1.6844977040391562
2019-09-02,1.6844977040391562
2019-09-03,1.6844977040391562
2019-09-04,1.6844977040391562
2019-09-05,1.6844977040391562
2019-09-06,1.6844977040391562
2019-09-07,1.6844977040391562
2019-09-08,1.6844977040391562
2019-09-09,1.6844977040391562
2019-09-10,1.6844977040391562
2019-09-11,1.6844977040391562
2019-09-12,1.6844977040391562
2019-09-13,1.6844977040391562
2019-09-14,1.6844977040391562
2019-09-15,1.6844977040391562
2019-09-16,1.6844977040391562
2019-09-17,1.6844977040391562
2019-09-18,1.6844977040391562
2019-09-19,1.6844977040391562
2019-09-20,1.6844977040391562
2019-09-21,1.6844977040391562
2019-09-22,1.6844977040391562
2019-09-23,1.6844977040391562
2019-09-24,1.6844977040391562
2019-09-25,1.6844977040391562
2019-09-26,1.6844977040391562
2019-09-27,1.6844977040391562
2019-09-28,1.6844977040391562
2019-09-29,1.6844977040391562
2019-09-30,1.6844977040391562
2019-10-01,1.7339736996186297
2019-10-02,1.7339736996186297
2019-10-03,1.7339736996186297
2019-10-04,1.7339736996186297
2019-10-05,1.7339736996186297
2019-10-06,1.7339736996186297
2019-10-07,1.7339736996186297
2019-10-08,1.7339736996186297
2019-10-09,1.7339736996186297
2019-10-10,1.7339736996186297
2019-10-11,1.7339736996186297
2019-10-12,1.7339736996186297
2019-10-13,1.7339736996186297
2019-10-14,1.7339736996186297
2019-10-15,1.7339736996186297
2019-10-16,1.7339736996186297
2019-10-17,1.7339736996186297
2019-10-18,1.7339736996186297
2019-10-19,1.7339736996186297
2019-10-20,1.7339736996186297
2019-10-21,1.7339736996186297
2019-10-22,1.7339736996186297
2019-10-23,1.7339736996186297
2019-10-24,1.7339736996186297
2019-10-25,1.7339736996186297
2019-10-26,1.7339736996186297
2019-10-27,1.7339736996186297
2019-10-28,1.7339736996186297
2019-10-29,1.7339736996186297
2019-10-30,1.7339736996186297
2019-10-31,1.7339736996186297
2019-11-01,2.092290394862917
2019-11-02,2.092290394862917
2019-11-03,2.092290394862917
2019-11-04,2.092290394862917
2019-11-05,2.092290394862917
2019-11-06,2.092290394862917
2019-11-07,2.092290394862917
2019-11-08,2.092290394862917
2019-11-09,2.092290394862917
2019-11-10,2.092290394862917
2019-11-11,2.092290394862917
2019-11-12,2.092290394862917
2019-11-13,2.092290394862917
2019-11-14,2.092290394862917
2019-11-15,2.092290394862917
2019-11-16,2.092290394862917
2019-11-17,2.092290394862917
2019-11-18,2.092290394862917
2019-11-19,2.092290394862917
2019-11-20,2.092290394862917
2019-11-21,2.092290394862917
2019-11-22,2.092290394862917
2019-11-23,2.092290394862917
2019-11-24,2.092290394862917
2019-11-25,2.092290394862917
2019-11-26,2.092290394862917
2019-11-27,2.092290394862917
2019-11-28,2.092290394862917
2019-11-29,2.092290394862917
2019-11-30,2.092290394862917
2019-12-01,2.3195274699624457
2019-12-02,2.3195274699624457
2019-12-03,2.3195274699624457
2019-12-04,2.3195274699624457
2019-12-05,2.3195274699624457
2019-12-06,2.3195274699624457
2019-12-07,2.3195274699624457
2019-12-08,2.3195274699624457
2019-12-09,2.3195274699624457
2019-12-10,2.3195274699624457
2019-12-11,2.3195274699624457
2019-12-12,2.3195274699624457
2019-12-13,2.3195274699624457
2019-12-14,2.3195274699624457
2019-12-15,2.3195274699624457
2019-12-16,2.3195274699624457
2019-12-17,2.3195274699624457
2019-12-18,2.3195274699624457
2019-12-19,2.3195274699624457
2019-12-20,2.3195274699624457
2019-12-21,2.3195274699624457
2019-12-22,2.3195274699624457
2019-12-23,2.3195274699624457
2019-12-24,2.3195274699624457
2019-12-25,2.3195274699624457
2019-12-26,2.3195274699624457
2019-12-27,2.3195274699624457
2019-12-28,2.3195274699624457
2019-12-29,2.3195274699624457
2019-12-30,2.3195274699624457
2019-12-31,2.3195274699624457
2020-01-01,2.599767976845202
2020-01-02,2.599767976845202
2020-01-03,2.599767976845202
2020-01-04,2.599767976845202
2020-01-05,2.599767976845202
2020-01-06,2.599767976845202
2020-01-07,2.599767976845202
2020-01-08,2.599767976845202
2020-01-09,2.599767976845202
2020-01-10,2.599767976845202
2020-01-11,2.599767976845202
2020-01-12,2.599767976845202
2020-01-13,2.599767976845202
2020-01-14,2.599767976845202
2020-01-15,2.599767976845202
2020-01-16,2.599767976845202
2020-01-17,2.599767976845202
2020-01-18,2.599767976845202
2020-01-19,2.599767976845202
2020-01-20,2.599767976845202
2020-01-21,2.599767976845202
2020-01-22,2.599767976845202
2020-01-23,2.599767976845202
2020-01-24,2.599767976845202
2020-01-25,2.599767976845202
2020-01-26,2.599767976845202
2020-01-27,2.599767976845202
2020-01-28,2.599767976845202
2020-01-29,2.599767976845202
2020-01-30,2.599767976845202
2020-01-31,2.599767976845202
2020-02-01,2.34131667975952
2020-02-02,2.34131667975952
2020-02-03,2.34131667975952
2020-02-04,2.34131667975952
2020-02-05,2.34131667975952
2020-02-06,2.34131667975952
2020-02-07,2.34131667975952
2020-02-08,2.34131667975952
2020-02-09,2.34131667975952
2020-02-10,2.34131667975952
2020-02-11,2.34131667975952
2020-02-12,2.34131667975952
2020-02-13,2.34131667975952
2020-02-14,2.34131667975952
2020-02-15,2.34131667975952
2020-02-16,2.34131667975952
2020-02-17,2.34131667975952
2020-02-18,2.34131667975952
2020-02-19,2.34131667975952
2020-02-20,2.34131667975952
2020-02-21,2.34131667975952
2020-02-22,2.34131667975952
2020-02-23,2.34131667975952
2020-02-24,2.34131667975952
2020-02-25,2.34131667975952
2020-02-26,2.34131667975952
2020-02-27,2.34131667975952
2020-02-28,2.34131667975952
2020-02-29,2.34131667975952
2020-03-01,1.4940399642909163
2020-03-02,1.4940399642909163
2020-03-03,1.4940399642909163
2020-03-04,1.4940399642909163
2020-03-05,1.4940399642909163
2020-03-06,1.4940399642909163
2020-03-07,1.4940399642909163
2020-03-08,1.4940399642909163
2020-03-09,1.4940399642909163
2020-03-10,1.4940399642909163
2020-03-11,1.4940399642909163
2020-03-12,1.4940399642909163
2020-03-13,1.4940399642909163
2020-03-14,1.4940399642909163
2020-03-15,1.4940399642909163
2020-03-16,1.4940399642909163
2020-03-17,1.4940399642909163
2020-03-18,1.4940399642909163
2020-03-19,1.4940399642909163
2020-03-20,1.4940399642909163
2020-03-21,1.4940399642909163
2020-03-22,1.4940399642909163
2020-03-23,1.4940399642909163
2020-03-24,1.4940399642909163
2020-03-25,1.4940399642909163
2020-03-26,1.4940399642909163
2020-03-27,1.4940399642909163
2020-03-28,1.4940399642909163
2020-03-29,1.4940399642909163
2020-03-30,1.4940399642909163
2020-03-31,1.4940399642909163
2020-04-01,0.3130472940411133
2020-04-02,0.3130472940411133
2020-04-03,0.3130472940411133
2020-04-04,0.3130472940411133
2020-04-05,0.3130472940411133
2020-04-06,0.3130472940411133
2020-04-07,0.3130472940411133
2020-04-08,0.3130472940411133
2020-04-09,0.3130472940411133
2020-04-10,0.3130472940411133
2020-04-11,0.3130472940411133
2020-04-12,0.3130472940411133
2020-04-13,0.3130472940411133
2020-04-14,0.3130472940411133
2020-04-15,0.3130472940411133
2020-04-16,0.3130472940411133
2020-04-17,0.3130472940411133
2020-04-18,0.3130472940411133
2020-04-19,0.3130472940411133
2020-04-20,0.3130472940411133
2020-04-21,0.3130472940411133
2020-04-22,0.3130472940411133
2020-04-23,0.3130472940411133
2020-04-24,0.3130472940411133
2020-04-25,0.3130472940411133
2020-04-26,0.3130472940411133
2020-04-27,0.3130472940411133
2020-04-28,0.3130472940411133
2020-04-29,0.3130472940411133
2020-04-30,0.3130472940411133
2020-05-01,0.1982013035848551
2020-05-02,0.1982013035848551
2020-05-03,0.1982013035848551
2020-05-04,0.1982013035848551
2020-05-05,0.1982013035848551
2020-05-06,0.1982013035848551
2020-05-07,0.1982013035848551
2020-05-08,0.1982013035848551
2020-05-09,0.1982013035848551
2020-05-10,0.1982013035848551
2020-05-11,0.1982013035848551
2020-05-12,0.1982013035848551
2020-05-13,0.1982013035848551
2020-05-14,0.1982013035848551
2020-05-15,0.1982013035848551
2020-05-16,0.1982013035848551
2020-05-17,0.1982013035848551
2020-05-18,0.1982013035848551
2020-05-19,0.1982013035848551
2020-05-20,0.1982013035848551
2020-05-21,0.1982013035848551
2020-05-22,0.1982013035848551
2020-05-23,0.1982013035848551
2020-05-24,0.1982013035848551
2020-05-25,0.1982013035848551
2020-05-26,0.1982013035848551
2020-05-27,0.1982013035848551
2020-05-28,0.1982013035848551
2020-05-29,0.1982013035848551
2020-05-30,0.1982013035848551
2020-05-31,0.1982013035848551
2020-06-01,0.7166562831830481
2020-06-02,0.7166562831830481
2020-06-03,0.7166562831830481
2020-06-04,0.7166562831830481
2020-06-05,0.7166562831830481
2020-06-06,0.7166562831830481
2020-06-07,0.7166562831830481
2020-06-08,0.7166562831830481
2020-06-09,0.7166562831830481
2020-06-10,0.7166562831830481
2020-06-11,0.7166562831830481
2020-06-12,0.7166562831830481
2020-06-13,0.7166562831830481
2020-06-14,0.7166562831830481
2020-06-15,0.7166562831830481
2020-06-16,0.7166562831830481
2020-06-17,0.7166562831830481
2020-06-18,0.7166562831830481
2020-06-19,0.7166562831830481
2020-06-20,0.7166562831830481
2020-06-21,0.7166562831830481
2020-06-22,0.7166562831830481
2020-06-23,0.7166562831830481
2020-06-24,0.7166562831830481
2020-06-25,0.7166562831830481
2020-06-26,0.7166562831830481
2020-06-27,0.7166562831830481
2020-06-28,0.7166562831830481
2020-06-29,0.7166562831830481
2020-06-30,0.7166562831830481
2020-07-01,0.9968647625897996
2020-07-02,0.9968647625897996
2020-07-03,0.9968647625897996
2020-07-04,0.9968647625897996
2020-07-05,0.9968647625897996
2020-07-06,0.9968647625897996
2020-07-07,0.9968647625897996
2020-07-08,0.9968647625897996
2020-07-09,0.9968647625897996
2020-07-10,0.9968647625897996
2020-07-11,0.9968647625897996
2020-07-12,0.9968647625897996
2020-07-13,0.9968647625897996
2020-07-14,0.9968647625897996
2020-07-15,0.9968647625897996
2020-07-16,0.9968647625897996
2020-07-17,0.9968647625897996
2020-07-18,0.9968647625897996
2020-07-19,0.9968647625897996
2020-07-20,0.9968647625897996
2020-07-21,0.9968647625897996
2020-07-22,0.9968647625897996
2020-07-23,0.9968647625897996
2020-07-24,0.9968647625897996
2020-07-25,0.9968647625897996
2020-07-26,0.9968647625897996
2020-07-27,0.9968647625897996
2020-07-28,0.9968647625897996
2020-07-29,0.9968647625897996
2020-07-30,0.9968647625897996
2020-07-31,0.9968647625897996
2020-08-01,1.2810698495523851
2020-08-02,1.2810698495523851
2020-08-03,1.2810698495523851
2020-08-04,1.2810698495523851
2020-08-05,1.2810698495523851
2020-08-06,1.2810698495523851
2020-08-07,1.2810698495523851
2020-08-08,1.2810698495523851
2020-08-09,1.2810698495523851
2020-08-10,1.2810698495523851
2020-08-11,1.2810698495523851
2020-08-12,1.2810698495523851
2020-08-13,1.2810698495523851
2020-08-14,1.2810698495523851
2020-08-15,1.2810698495523851
2020-08-16,1.2810698495523851
2020-08-17,1.2810698495523851
2020-08-18,1.2810698495523851
2020-08-19,1.2810698495523851
2020-08-20,1.2810698495523851
2020-08-21,1.2810698495523851
2020-08-22,1.2810698495523851
2020-08-23,1.2810698495523851
2020-08-24,1.2810698495523851
2020-08-25,1.2810698495523851
2020-08-26,1.2810698495523851
2020-08-27,1.2810698495523851
2020-08-28,1.2810698495523851
2020-08-29,1.2810698495523851
2020-08-30,1.2810698495523851
2020-08-31,1.2810698495523851
2020-09-01,1.3910228912373812
2020-09-02,1.3910228912373812
2020-09-03,1.3910228912373812
2020-09-04,1.3910228912373812
2020-09-05,1.3910228912373812
2020-09-06,1.3910228912373812
2020-09-07,1.3910228912373812
2020-09-08,1.3910228912373812
2020-09-09,1.3910228912373812
2020-09-10,1.3910228912373812
2020-09-11,1.3910228912373812
2020-09-12,1.3910228912373812
2020-09-13,1.3910228912373812
2020-09-14,1.3910228912373812
2020-09-15,1.3910228912373812
2020-09-16,1.3910228912373812
2020-09-17,1.3910228912373812
2020-09-18,1.3910228912373812
2020-09-19,1.3910228912373812
2020-09-20,1.3910228912373812
2020-09-21,1.3910228912373812
2020-09-22,1.3910228912373812
2020-09-23,1.3910228912373812
2020-09-24,1.3910228912373812
2020-09-25,1.3910228912373812
2020-09-26,1.3910228912373812
2020-09-27,1.3910228912373812
2020-09-28,1.3910228912373812
2020-09-29,1.3910228912373812
2020-09-30,1.3910228912373812
2020-10-01,1.2303863428671624
2020-10-02,1.2303863428671624
2020-10-03,1.2303863428671624
2020-10-04,1.2303863428671624
2020-10-05,1.2303863428671624
2020-10-06,1.2303863428671624
2020-10-07,1.2303863428671624
2020-10-08,1.2303863428671624
2020-10-09,1.2303863428671624
2020-10-10,1.2303863428671624
2020-10-11,1.2303863428671624
2020-10-12,1.2303863428671624
2020-10-13,1.2303863428671624
2020-10-14,1.2303863428671624
2020-10-15,1.2303863428671624
2020-10-16,1.2303863428671624
2020-10-17,1.2303863428671624
2020-10-18,1.2303863428671624
2020-10-19,1.2303863428671624
2020-10-20,1.2303863428671624
2020-10-21,1.2303863428671624
2020-10-22,1.2303863428671624
2020-10-23,1.2303863428671624
2020-10-24,1.2303863428671624
2020-10-25,1.2303863428671624
2020-10-26,1.2303863428671624
2020-10-27,1.2303863428671624
2020-10-28,1.2303863428671624
2020-10-29,1.2303863428671624
2020-10-30,1.2303863428671624
2020-10-31,1.2303863428671624
2020-11-01,1.1757452138405844
2020-11-02,1.1757452138405844
2020-11-03,1.1757452138405844
2020-11-04,1.1757452138405844
2020-11-05,1.1757452138405844
2020-11-06,1.1757452138405844
2020-11-07,1.1757452138405844
2020-11-08,1.1757452138405844
2020-11-09,1.1757452138405844
2020-11-10,1.1757452138405844
2020-11-11,1.1757452138405844
2020-11-12,1.1757452138405844
2020-11-13,1.1757452138405844
2020-11-14,1.1757452138405844
2020-11-15,1.1757452138405844
2020-11-16,1.1757452138405844
2020-11-17,1.1757452138405844
2020-11-18,1.1757452138405844
2020-11-19,1.1757452138405844
2020-11-20,1.1757452138405844
2020-11-21,1.1757452138405844
2020-11-22,1.1757452138405844
2020-11-23,1.1757452138405844
2020-11-24,1.1757452138405844
2020-11-25,1.1757452138405844
2020-11-26,1.1757452138405844
2020-11-27,1.1757452138405844
2020-11-28,1.1757452138405844
2020-11-29,1.1757452138405844
2020-11-30,1.1757452138405844
2020-12-01,1.3204191315779434
2020-12-02,1.3204191315779434
2020-12-03,1.3204191315779434
2020-12-04,1.3204191315779434
2020-12-05,1.3204191315779434
2020-12-06,1.3204191315779434
2020-12-07,1.3204191315779434
2020-12-08,1.3204191315779434
2020-12-09,1.3204191315779434
2020-12-10,1.3204191315779434
2020-12-11,1.3204191315779434
2020-12-12,1.3204191315779434
2020-12-13,1.3204191315779434
2020-12-14,1.3204191315779434
2020-12-15,1.3204191315779434
2020-12-16,1.3204191315779434
2020-12-17,1.3204191315779434
2020-12-18,1.3204191315779434
2020-12-19,1.3204191315779434
2020-12-20,1.3204191315779434
2020-12-21,1.3204191315779434
2020-12-22,1.3204191315779434
2020-12-23,1.3204191315779434
2020-12-24,1.3204191315779434
2020-12-25,1.3204191315779434
2020-12-26,1.3204191315779434
2020-12-27,1.3204191315779434
2020-12-28,1.3204191315779434
2020-12-29,1.3204191315779434
2020-12-30,1.3204191315779434
2020-12-31,1.3204191315779434
2021-01-01,1.3553199782346148
2021-01-02,1.3553199782346148
2021-01-03,1.3553199782346148
2021-01-04,1.3553199782346148
2021-01-05,1.3553199782346148
2021-01-06,1.3553199782346148
2021-01-07,1.3553199782346148
2021-01-08,1.3553199782346148
2021-01-09,1.3553199782346148
2021-01-10,1.3553199782346148
2021-01-11,1.3553199782346148
2021-01-12,1.3553199782346148
2021-01-13,1.3553199782346148
2021-01-14,1.3553199782346148
2021-01-15,1.3553199782346148
2021-01-16,1.3553199782346148
2021-01-17,1.3553199782346148
2021-01-18,1.3553199782346148
2021-01-19,1.3553199782346148
2021-01-20,1.3553199782346148
2021-01-21,1.3553199782346148
2021-01-22,1.3553199782346148
2021-01-23,1.3553199782346148
2021-01-24,1.3553199782346148
2021-01-25,1.3553199782346148
2021-01-26,1.3553199782346148
2021-01-27,1.3553199782346148
2021-01-28,1.3553199782346148
2021-01-29,1.3553199782346148
2021-01-30,1.3553199782346148
2021-01-31,1.3553199782346148
2021-02-01,1.667502410800381
2021-02-02,1.667502410800381
2021-02-03,1.667502410800381
2021-02-04,1.667502410800381
2021-02-05,1.667502410800381
2021-02-06,1.667502410800381
2021-02-07,1.667502410800381
2021-02-08,1.667502410800381
2021-02-09,1.667502410800381
2021-02-10,1.667502410800381
2021-02-11,1.667502410800381
2021-02-12,1.667502410800381
2021-02-13,1.667502410800381
2021-02-14,1.667502410800381
2021-02-15,1.667502410800381
2021-02-16,1.667502410800381
2021-02-17,1.667502410800381
2021-02-18,1.667502410800381
2021-02-19,1.667502410800381
2021-02-20,1.667502410800381
2021-02-21,1.667502410800381
2021-02-22,1.667502410800381
2021-02-23,1.667502410800381
2021-02-24,1.667502410800381
2021-02-25,1.667502410800381
2021-02-26,1.667502410800381
2021-02-27,1.667502410800381
2021-02-28,1.667502410800381
2021-03-01,2.623645747764214
2021-03-02,2.623645747764214
2021-03-03,2.623645747764214
2021-03-04,2.623645747764214
2021-03-05,2.623645747764214
2021-03-06,2.623645747764214
2021-03-07,2.623645747764214
2021-03-08,2.623645747764214
2021-03-09,2.623645747764214
2021-03-10,2.623645747764214
2021-03-11,2.623645747764214
2021-03-12,2.623645747764214
2021-03-13,2.623645747764214
2021-03-14,2.623645747764214
2021-03-15,2.623645747764214
2021-03-16,2.623645747764214
2021-03-17,2.623645747764214
2021-03-18,2.623645747764214
2021-03-19,2.623645747764214
2021-03-20,2.623645747764214
2021-03-21,2.623645747764214
2021-03-22,2.623645747764214
2021-03-23,2.623645747764214
2021-03-24,2.623645747764214
2021-03-25,2.623645747764214
2021-03-26,2.623645747764214
2021-03-27,2.623645747764214
2021-03-28,2.623645747764214
2021-03-29,2.623645747764214
2021-03-30,2.623645747764214
2021-03-31,2.623645747764214
2021-04-01,4.137373453318349
2021-04-02,4.137373453318349
2021-04-03,4.137373453318349
2021-04-04,4.137373453318349
2021-04-05,4.137373453318349
2021-04-06,4.137373453318349
2021-04-07,4.137373453318349
2021-04-08,4.137373453318349
2021-04-09,4.137373453318349
2021-04-10,4.137373453318349
2021-04-11,4.137373453318349
2021-04-12,4.137373453318349
2021-04-13,4.137373453318349
2021-04-14,4.137373453318349
2021-04-15,4.137373453318349
2021-04-16,4.137373453318349
2021-04-17,4.137373453318349
2021-04-18,4.137373453318349
2021-04-19,4.137373453318349
2021-04-20,4.137373453318349
2021-04-21,4.137373453318349
2021-04-22,4.137373453318349
2021-04-23,4.137373453318349
2021-04-24,4.137373453318349
2021-04-25,4.137373453318349
2021-04-26,4.137373453318349
2021-04-27,4.137373453318349
2021-04-28,4.137373453318349
2021-04-29,4.137373453318349
2021-04-30,4.137373453318349
2021-05-01,4.926466563983079
2021-05-02,4.926466563983079
2021-05-03,4.926466563983079
2021-05-04,4.926466563983079
2021-05-05,4.926466563983079
2021-05-06,4.926466563983079
2021-05-07,4.926466563983079
2021-05-08,4.926466563983079
2021-05-09,4.926466563983079
2021-05-10,4.926466563983079
2021-05-11,4.926466563983079
2021-05-12,4.926466563983079
2021-05-13,4.926466563983079
2021-05-14,4.926466563983079
2021-05-15,4.926466563983079
2021-05-16,4.926466563983079
2021-05-17,4.926466563983079
2021-05-18,4.926466563983079
2021-05-19,4.926466563983079
2021-05-20,4.926466563983079
2021-05-21,4.926466563983079
2021-05-22,4.926466563983079
2021-05-23,4.926466563983079
2021-05-24,4.926466563983079
2021-05-25,4.926466563983079
2021-05-26,4.926466563983079
2021-05-27,4.926466563983079
2021-05-28,4.926466563983079
2021-05-29,4.926466563983079
2021-05-30,4.926466563983079
2021-05-31,4.926466563983079
2021-06-01,5.317418943207719
2021-06-02,5.317418943207719
2021-06-03,5.317418943207719
2021-06-04,5.317418943207719
2021-06-05,5.317418943207719
2021-06-06,5.317418943207719
2021-06-07,5.317418943207719
2021-06-08,5.317418943207719
2021-06-09,5.317418943207719
2021-06-10,5.317418943207719
2021-06-11,5.317418943207719
2021-06-12,5.317418943207719
2021-06-13,5.317418943207719
2021-06-14,5.317418943207719
2021-06-15,5.317418943207719
2021-06-16,5.317418943207719
2021-06-17,5.317418943207719
2021-06-18,5.317418943207719
2021-06-19,5.317418943207719
2021-06-20,5.317418943207719
2021-06-21,5.317418943207719
2021-06-22,5.317418943207719
2021-06-23,5.317418943207719
2021-06-24,5.317418943207719
2021-06-25,5.317418943207719
2021-06-26,5.317418943207719
2021-06-27,5.317418943207719
2021-06-28,5.317418943207719
2021-06-29,5.317418943207719
2021-06-30,5.317418943207719
2021-07-01,5.269167647240969
2021-07-02,5.269167647240969
2021-07-03,5.269167647240969
2021-07-04,5.269167647240969
2021-07-05,5.269167647240969
2021-07-06,5.269167647240969
2021-07-07,5.269167647240969
2021-07-08,5.269167647240969
2021-07-09,5.269167647240969
2021-07-10,5.269167647240969
2021-07-11,5.269167647240969
2021-07-12,5.269167647240969
2021-07-13,5.269167647240969
2021-07-14,5.269167647240969
2021-07-15,5.269167647240969
2021-07-16,5.269167647240969
2021-07-17,5.269167647240969
2021-07-18,5.269167647240969
2021-07-19,5.269167647240969
2021-07-20,5.269167647240969
2021-07-21,5.269167647240969
2021-07-22,5.269167647240969
2021-07-23,5.269167647240969
2021-07-24,5.269167647240969
2021-07-25,5.269167647240969
2021-07-26,5.269167647240969
2021-07-27,5.269167647240969
2021-07-28,5.269167647240969
2021-07-29,5.269167647240969
2021-07-30,5.269167647240969
2021-07-31,5.269167647240969
2021-08-01,5.181323173271246
2021-08-02,5.181323173271246
2021-08-03,5.181323173271246
2021-08-04,5.181323173271246
2021-08-05,5.181323173271246
2021-08-06,5.181323173271246
2021-08-07,5.181323173271246
2021-08-08,5.181323173271246
2021-08-09,5.181323173271246
2021-08-10,5.181323173271246
2021-08-11,5.181323173271246
2021-08-12,5.181323173271246
2021-08-13,5.181323173271246
2021-08-14,5.181323173271246
2021-08-15,5.181323173271246
2021-08-16,5.181323173271246
2021-08-17,5.181323173271246
2021-08-18,5.181323173271246
2021-08-19,5.181323173271246
2021-08-20,5.181323173271246
2021-08-21,5.181323173271246
2021-08-22,5.181323173271246
2021-08-23,5.181323173271246
2021-08-24,5.181323173271246
2021-08-25,5.181323173271246
2021-08-26,5.181323173271246
2021-08-27,5.181323173271246
2021-08-28,5.181323173271246
2021-08-29,5.181323173271246
2021-08-30,5.181323173271246
2021-08-31,5.181323173271246
2021-09-01,5.363523425270289
2021-09-02,5.363523425270289
2021-09-03,5.363523425270289
2021-09-04,5.363523425270289
2021-09-05,5.363523425270289
2021-09-06,5.363523425270289
2021-09-07,5.363523425270289
2021-09-08,5.363523425270289
2021-09-09,5.363523425270289
2021-09-10,5.363523425270289
2021-09-11,5.363523425270289
2021-09-12,5.363523425270289
2021-09-13,5.363523425270289
2021-09-14,5.363523425270289
2021-09-15,5.363523425270289
2021-09-16,5.363523425270289
2021-09-17,5.363523425270289
2021-09-18,5.363523425270289
2021-09-19,5.363523425270289
2021-09-20,5.363523425270289
2021-09-21,5.363523425270289
2021-09-22,5.363523425270289
2021-09-23,5.363523425270289
2021-09-24,5.363523425270289
2021-09-25,5.363523425270289
2021-09-26,5.363523425270289
2021-09-27,5.363523425270289
2021-09-28,5.363523425270289
2021-09-29,5.363523425270289
2021-09-30,5.363523425270289
2021-10-01,6.226591220771449
2021-10-02,6.226591220771449
2021-10-03,6.226591220771449
2021-10-04,6.226591220771449
2021-10-05,6.226591220771449
2021-10-06,6.226591220771449
2021-10-07,6.226591220771449
2021-10-08,6.226591220771449
2021-10-09,6.226591220771449
2021-10-10,6.226591220771449
2021-10-11,6.226591220771449
2021-10-12,6.226591220771449
2021-10-13,6.226591220771449
2021-10-14,6.226591220771449
2021-10-15,6.226591220771449
2021-10-16,6.226591220771449
2021-10-17,6.226591220771449
2021-10-18,6.226591220771449
2021-10-19,6.226591220771449
2021-10-20,6.226591220771449
2021-10-21,6.226591220771449
2021-10-22,6.226591220771449
2021-10-23,6.226591220771449
2021-10-24,6.226591220771449
2021-10-25,6.226591220771449
2021-10-26,6.226591220771449
2021-10-27,6.226591220771449
2021-10-28,6.226591220771449
2021-10-29,6.226591220771449
2021-10-30,6.226591220771449
2021-10-31,6.226591220771449
2021-11-01,6.865559520296194
2021-11-02,6.865559520296194
2021-11-03,6.865559520296194
2021-11-04,6.865559520296194
2021-11-05,6.865559520296194
2021-11-06,6.865559520296194
2021-11-07,6.865559520296194
2021-11-08,6.865559520296194
2021-11-09,6.865559520296194
2021-11-10,6.865559520296194
2021-11-11,6.865559520296194
2021-11-12,6.865559520296194
2021-11-13,6.865559520296194
2021-11-14,6.865559520296194
2021-11-15,6.865559520296194
2021-11-16,6.865559520296194
2021-11-17,6.865559520296194
2021-11-18,6.865559520296194
2021-11-19,6.865559520296194
2021-11-20,6.865559520296194
2021-11-21,6.865559520296194
2021-11-22,6.865559520296194
2021-11-23,6.865559520296194
2021-11-24,6.865559520296194
2021-11-25,6.865559520296194
2021-11-26,6.865559520296194
2021-11-27,6.865559520296194
2021-11-28,6.865559520296194
2021-11-29,6.865559520296194
2021-11-30,6.865559520296194
2021-12-01,7.159457345112474
2021-12-02,7.159457345112474
2021-12-03,7.159457345112474
2021-12-04,7.159457345112474
2021-12-05,7.159457345112474
2021-12-06,7.159457345112474
2021-12-07,7.159457345112474
2021-12-08,7.159457345112474
2021-12-09,7.159457345112474
2021-12-10,7.159457345112474
2021-12-11,7.159457345112474
2021-12-12,7.159457345112474
2021-12-13,7.159457345112474
2021-12-14,7.159457345112474
2021-12-15,7.159457345112474
2021-12-16,7.159457345112474
2021-12-17,7.159457345112474
2021-12-18,7.159457345112474
2021-12-19,7.159457345112474
2021-12-20,7.159457345112474
2021-12-21,7.159457345112474
2021-12-22,7.159457345112474
2021-12-23,7.159457345112474
2021-12-24,7.159457345112474
2021-12-25,7.159457345112474
2021-12-26,7.159457345112474
2021-12-27,7.159457345112474
2021-12-28,7.159457345112474
2021-12-29,7.159457345112474
2021-12-30,7.159457345112474
2021-12-31,7.159457345112474
2022-01-01,7.578082463000535
2022-01-02,7.578082463000535
2022-01-03,7.578082463000535
2022-01-04,7.578082463000535
2022-01-05,7.578082463000535
2022-01-06,7.578082463000535
2022-01-07,7.578082463000535
2022-01-08,7.578082463000535
2022-01-09,7.578082463000535
2022-01-10,7.578082463000535
2022-01-11,7.578082463000535
2022-01-12,7.578082463000535
2022-01-13,7.578082463000535
2022-01-14,7.578082463000535
2022-01-15,7.578082463000535
2022-01-16,7.578082463000535
2022-01-17,7.578082463000535
2022-01-18,7.578082463000535
2022-01-19,7.578082463000535
2022-01-20,7.578082463000535
2022-01-21,7.578082463000535
2022-01-22,7.578082463000535
2022-01-23,7.578082463000535
2022-01-24,7.578082463000535
2022-01-25,7.578082463000535
2022-01-26,7.578082463000535
2022-01-27,7.578082463000535
2022-01-28,7.578082463000535
2022-01-29,7.578082463000535
2022-01-30,7.578082463000535
2022-01-31,7.578082463000535
2022-02-01,7.949220898953979
2022-02-02,7.949220898953979
2022-02-03,7.949220898953979
2022-02-04,7.949220898953979
2022-02-05,7.949220898953979
2022-02-06,7.949220898953979
2022-02-07,7.949220898953979
2022-02-08,7.949220898953979
2022-02-09,7.949220898953979
2022-02-10,7.949220898953979
2022-02-11,7.949220898953979
2022-02-12,7.949220898953979
2022-02-13,7.949220898953979
2022-02-14,7.949220898953979
2022-02-15,7.949220898953979
2022-02-16,7.949220898953979
2022-02-17,7.949220898953979
2022-02-18,7.949220898953979
2022-02-19,7.949220898953979
2022-02-20,7.949220898953979
2022-02-21,7.949220898953979
2022-02-22,7.949220898953979
2022-02-23,7.949220898953979
2022-02-24,7.949220898953979
2022-02-25,7.949220898953979
2022-02-26,7.949220898953979
2022-02-27,7.949220898953979
2022-02-28,7.949220898953979
2022-03-01,8.540780148538584
2022-03-02,8.540780148538584
2022-03-03,8.540780148538584
2022-03-04,8.540780148538584
2022-03-05,8.540780148538584
2022-03-06,8.540780148538584
2022-03-07,8.540780148538584
2022-03-08,8.540780148538584
2022-03-09,8.540780148538584
2022-03-10,8.540780148538584
2022-03-11,8.540780148538584
2022-03-12,8.540780148538584
2022-03-13,8.540780148538584
2022-03-14,8.540780148538584
2022-03-15,8.540780148538584
2022-03-16,8.540780148538584
2022-03-17,8.540780148538584
2022-03-18,8.540780148538584
2022-03-19,8.540780148538584
2022-03-20,8.540780148538584
2022-03-21,8.540780148538584
2022-03-22,8.540780148538584
2022-03-23,8.540780148538584
2022-03-24,8.540780148538584
2022-03-25,8.540780148538584
2022-03-26,8.540780148538584
2022-03-27,8.540780148538584
2022-03-28,8.540780148538584
2022-03-29,8.540780148538584
2022-03-30,8.540780148538584
2022-03-31,8.540780148538584
2022-04-01,8.235161744022502
2022-04-02,8.235161744022502
2022-04-03,8.235161744022502
2022-04-04,8.235161744022502
2022-04-05,8.235161744022502
2022-04-06,8.235161744022502
2022-04-07,8.235161744022502
2022-04-08,8.235161744022502
2022-04-09,8.235161744022502
2022-04-10,8.235161744022502
2022-04-11,8.235161744022502
2022-04-12,8.235161744022502
2022-04-13,8.235161744022502
2022-04-14,8.235161744022502
2022-04-15,8.235161744022502
2022-04-16,8.235161744022502
2022-04-17,8.235161744022502
2022-04-18,8.235161744022502
2022-04-19,8.235161744022502
2022-04-20,8.235161744022502
2022-04-21,8.235161744022502
2022-04-22,8.235161744022502
2022-04-23,8.235161744022502
2022-04-24,8.235161744022502
2022-04-25,8.235161744022502
2022-04-26,8.235161744022502
2022-04-27,8.235161744022502
2022-04-28,8.235161744022502
2022-04-29,8.235161744022502
2022-04-30,8.235161744022502
2022-05-01,8.530051713089225
2022-05-02,8.530051713089225
2022-05-03,8.530051713089225
2022-05-04,8.530051713089225
2022-05-05,8.530051713089225
2022-05-06,8.530051713089225
2022-05-07,8.530051713089225
2022-05-08,8.530051713089225
2022-05-09,8.530051713089225
2022-05-10,8.530051713089225
2022-05-11,8.530051713089225
2022-05-12,8.530051713089225
2022-05-13,8.530051713089225
2022-05-14,8.530051713089225
2022-05-15,8.530051713089225
2022-05-16,8.530051713089225
2022-05-17,8.530051713089225
2022-05-18,8.530051713089225
2022-05-19,8.530051713089225
2022-05-20,8.530051713089225
2022-05-21,8.530051713089225
2022-05-22,8.530051713089225
2022-05-23,8.530051713089225
2022-05-24,8.530051713089225
2022-05-25,8.530051713089225
2022-05-26,8.530051713089225
2022-05-27,8.530051713089225
2022-05-28,8.530051713089225
2022-05-29,8.530051713089225
2022-05-30,8.530051713089225
2022-05-31,8.530051713089225
2022-06-01,8.999298141923106
2022-06-02,8.999298141923106
2022-06-03,8.999298141923106
2022-06-04,8.999298141923106
2022-06-05,8.999298141923106
2022-06-06,8.999298141923106
2022-06-07,8.999298141923106
2022-06-08,8.999298141923106
2022-06-09,8.999298141923106
2022-06-10,8.999298141923106
2022-06-11,8.999298141923106
2022-06-12,8.999298141923106
2022-06-13,8.999298141923106
2022-06-14,8.999298141923106
2022-06-15,8.999298141923106
2022-06-16,8.999298141923106
2022-06-17,8.999298141923106
2022-06-18,8.999298141923106
2022-06-19,8.999298141923106
2022-06-20,8.999298141923106
2022-06-21,8.999298141923106
2022-06-22,8.999298141923106
2022-06-23,8.999298141923106
2022-06-24,8.999298141923106
2022-06-25,8.999298141923106
2022-06-26,8.999298141923106
2022-06-27,8.999298141923106
2022-06-28,8.999298141923106
2022-06-29,8.999298141923106
2022-06-30,8.999298141923106
2022-07-01,8.447778206754553
2022-07-02,8.447778206754553
2022-07-03,8.447778206754553
2022-07-04,8.447778206754553
2022-07-05,8.447778206754553
2022-07-06,8.447778206754553
2022-07-07,8.447778206754553
2022-07-08,8.447778206754553
2022-07-09,8.447778206754553
2022-07-10,8.447778206754553
2022-07-11,8.447778206754553
2022-07-12,8.447778206754553
2022-07-13,8.447778206754553
2022-07-14,8.447778206754553
2022-07-15,8.447778206754553
2022-07-16,8.447778206754553
2022-07-17,8.447778206754553
2022-07-18,8.447778206754553
2022-07-19,8.447778206754553
2022-07-20,8.447778206754553
2022-07-21,8.447778206754553
2022-07-22,8.447778206754553
2022-07-23,8.447778206754553
2022-07-24,8.447778206754553
2022-07-25,8.447778206754553
2022-07-26,8.447778206754553
2022-07-27,8.447778206754553
2022-07-28,8.447778206754553
2022-07-29,8.447778206754553
2022-07-30,8.447778206754553
2022-07-31,8.447778206754553
2022-08-01,8.216255059541266
2022-08-02,8.216255059541266
2022-08-03,8.216255059541266
2022-08-04,8.216255059541266
2022-08-05,8.216255059541266
2022-08-06,8.216255059541266
2022-08-07,8.216255059541266
2022-08-08,8.216255059541266
2022-08-09,8.216255059541266
2022-08-10,8.216255059541266
2022-08-11,8.216255059541266
2022-08-12,8.216255059541266
2022-08-13,8.216255059541266
2022-08-14,8.216255059541266
2022-08-15,8.216255059541266
2022-08-16,8.216255059541266
2022-08-17,8.216255059541266
2022-08-18,8.216255059541266
2022-08-19,8.216255059541266
2022-08-20,8.216255059541266
2022-08-21,8.216255059541266
2022-08-22,8.216255059541266
2022-08-23,8.216255059541266
2022-08-24,8.216255059541266
2022-08-25,8.216255059541266
2022-08-26,8.216255059541266
2022-08-27,8.216255059541266
2022-08-28,8.216255059541266
2022-08-29,8.216255059541266
2022-08-30,8.216255059541266
2022-08-31,8.216255059541266
2022-09-01,8.205751582451759
2022-09-02,8.205751582451759
2022-09-03,8.205751582451759
2022-09-04,8.205751582451759
2022-09-05,8.205751582451759
2022-09-06,8.205751582451759
2022-09-07,8.205751582451759
2022-09-08,8.205751582451759
2022-09-09,8.205751582451759
2022-09-10,8.205751582451759
2022-09-11,8.205751582451759
2022-09-12,8.205751582451759
2022-09-13,8.205751582451759
2022-09-14,8.205751582451759
2022-09-15,8.205751582451759
2022-09-16,8.205751582451759
2022-09-17,8.205751582451759
2022-09-18,8.205751582451759
2022-09-19,8.205751582451759
2022-09-20,8.205751582451759
2022-09-21,8.205751582451759
2022-09-22,8.205751582451759
2022-09-23,8.205751582451759
2022-09-24,8.205751582451759
2022-09-25,8.205751582451759
2022-09-26,8.205751582451759
2022-09-27,8.205751582451759
2022-09-28,8.205751582451759
2022-09-29,8.205751582451759
2022-09-30,8.205751582451759
2022-10-01,7.757261470809462
2022-10-02,7.757261470809462
2022-10-03,7.757261470809462
2022-10-04,7.757261470809462
2022-10-05,7.757261470809462
2022-10-06,7.757261470809462
2022-10-07,7.757261470809462
2022-10-08,7.757261470809462
2022-10-09,7.757261470809462
2022-10-10,7.757261470809462
2022-10-11,7.757261470809462
2022-10-12,7.757261470809462
2022-10-13,7.757261470809462
2022-10-14,7.757261470809462
2022-10-15,7.757261470809462
2022-10-16,7.757261470809462
2022-10-17,7.757261470809462
2022-10-18,7.757261470809462
2022-10-19,7.757261470809462
2022-10-20,7.757261470809462
2022-10-21,7.757261470809462
2022-10-22,7.757261470809462
2022-10-23,7.757261470809462
2022-10-24,7.757261470809462
2022-10-25,7.757261470809462
2022-10-26,7.757261470809462
2022-10-27,7.757261470809462
2022-10-28,7.757261470809462
2022-10-29,7.757261470809462
2022-10-30,7.757261470809462
2022-10-31,7.757261470809462
2022-11-01,7.131380368978291
2022-11-02,7.131380368978291
2022-11-03,7.131380368978291
2022-11-04,7.131380368978291
2022-11-05,7.131380368978291
2022-11-06,7.131380368978291
2022-11-07,7.131380368978291
2022-11-08,7.131380368978291
2022-11-09,7.131380368978291
2022-11-10,7.131380368978291
2022-11-11,7.131380368978291
2022-11-12,7.131380368978291
2022-11-13,7.131380368978291
2022-11-14,7.131380368978291
2022-11-15,7.131380368978291
2022-11-16,7.131380368978291
2022-11-17,7.131380368978291
2022-11-18,7.131380368978291
2022-11-19,7.131380368978291
2022-11-20,7.131380368978291
2022-11-21,7.131380368978291
2022-11-22,7.131380368978291
2022-11-23,7.131380368978291
2022-11-24,7.131380368978291
2022-11-25,7.131380368978291
2022-11-26,7.131380368978291
2022-11-27,7.131380368978291
2022-11-28,7.131380368978291
2022-11-29,7.131380368978291
2022-11-30,7.131380368978291
2022-12-01,6.410831677385809
2022-12-02,6.410831677385809
2022-12-03,6.410831677385809
2022-12-04,6.410831677385809
2022-12-05,6.410831677385809
2022-12-06,6.410831677385809
2022-12-07,6.410831677385809
2022-12-08,6.410831677385809
2022-12-09,6.410831677385809
2022-12-10,6.410831677385809
2022-12-11,6.410831677385809
2022-12-12,6.410831677385809
2022-12-13,6.410831677385809
2022-12-14,6.410831677385809
2022-12-15,6.410831677385809
2022-12-16,6.410831677385809
2022-12-17,6.410831677385809
2022-12-18,6.410831677385809
2022-12-19,6.410831677385809
2022-12-20,6.410831677385809
2022-12-21,6.410831677385809
2022-12-22,6.410831677385809
2022-12-23,6.410831677385809
2022-12-24,6.410831677385809
2022-12-25,6.410831677385809
2022-12-26,6.410831677385809
2022-12-27,6.410831677385809
2022-12-28,6.410831677385809
2022-12-29,6.410831677385809
2022-12-30,6.410831677385809
2022-12-31,6.410831677385809
2023-01-01,6.340296309929161
2023-01-02,6.340296309929161
2023-01-03,6.340296309929161
2023-01-04,6.340296309929161
2023-01-05,6.340296309929161
2023-01-06,6.340296309929161
2023-01-07,6.340296309929161
2023-01-08,6.340296309929161
2023-01-09,6.340296309929161
2023-01-10,6.340296309929161
2023-01-11,6.340296309929161
2023-01-12,6.340296309929161
2023-01-13,6.340296309929161
2023-01-14,6.340296309929161
2023-01-15,6.340296309929161
2023-01-16,6.340296309929161
2023-01-17,6.340296309929161
2023-01-18,6.340296309929161
2023-01-19,6.340296309929161
2023-01-20,6.340296309929161
2023-01-21,6.340296309929161
2023-01-22,6.340296309929161
2023-01-23,6.340296309929161
2023-01-24,6.340296309929161
2023-01-25,6.340296309929161
2023-01-26,6.340296309929161
2023-01-27,6.340296309929161
2023-01-28,6.340296309929161
2023-01-29,6.340296309929161
2023-01-30,6.340296309929161
2023-01-31,6.340296309929161
2023-02-01,5.957648712766894
2023-02-02,5.957648712766894
2023-02-03,5.957648712766894
2023-02-04,5.957648712766894
2023-02-05,5.957648712766894
2023-02-06,5.957648712766894
2023-02-07,5.957648712766894
2023-02-08,5.957648712766894
2023-02-09,5.957648712766894
2023-02-10,5.957648712766894
2023-02-11,5.957648712766894
2023-02-12,5.957648712766894
2023-02-13,5.957648712766894
2023-02-14,5.957648712766894
2023-02-15,5.957648712766894
2023-02-16,5.957648712766894
2023-02-17,5.957648712766894
2023-02-18,5.957648712766894
2023-02-19,5.957648712766894
2023-02-20,5.957648712766894
2023-02-21,5.957648712766894
2023-02-22,5.957648712766894
2023-02-23,5.957648712766894
2023-02-24,5.957648712766894
2023-02-25,5.957648712766894
2023-02-26,5.957648712766894
2023-02-27,5.957648712766894
2023-02-28,5.957648712766894
2023-03-01,4.931348641757127
2023-03-02,4.931348641757127
2023-03-03,4.931348641757127
2023-03-04,4.931348641757127
2023-03-05,4.931348641757127
2023-03-06,4.931348641757127
2023-03-07,4.931348641757127
2023-03-08,4.931348641757127
2023-03-09,4.931348641757127
2023-03-10,4.931348641757127
2023-03-11,4.931348641757127
2023-03-12,4.931348641757127
2023-03-13,4.931348641757127
2023-03-14,4.931348641757127
2023-03-15,4.931348641757127
2023-03-16,4.931348641757127
2023-03-17,4.931348641757127
2023-03-18,4.931348641757127
2023-03-19,4.931348641757127
2023-03-20,4.931348641757127
2023-03-21,4.931348641757127
2023-03-22,4.931348641757127
2023-03-23,4.931348641757127
2023-03-24,4.931348641757127
2023-03-25,4.931348641757127
2023-03-26,4.931348641757127
2023-03-27,4.931348641757127
2023-03-28,4.931348641757127
2023-03-29,4.931348641757127
2023-03-30,4.931348641757127
2023-03-31,4.931348641757127
2023-04-01,4.946947488062325
2023-04-02,4.946947488062325
2023-04-03,4.946947488062325
2023-04-04,4.946947488062325
2023-04-05,4.946947488062325
2023-04-06,4.946947488062325
2023-04-07,4.946947488062325
2023-04-08,4.946947488062325
2023-04-09,4.946947488062325
2023-04-10,4.946947488062325
2023-04-11,4.946947488062325
2023-04-12,4.946947488062325
2023-04-13,4.946947488062325
2023-04-14,4.946947488062325
2023-04-15,4.946947488062325
2023-04-16,4.946947488062325
2023-04-17,4.946947488062325
2023-04-18,4.946947488062325
2023-04-19,4.946947488062325
2023-04-20,4.946947488062325
2023-04-21,4.946947488062325
2023-04-22,4.946947488062325
2023-04-23,4.946947488062325
2023-04-24,4.946947488062325
2023-04-25,4.946947488062325
2023-04-26,4.946947488062325
2023-04-27,4.946947488062325
2023-04-28,4.946947488062325
2023-04-29,4.946947488062325
2023-04-30,4.946947488062325
2023-05-01,4.125314539356473
2023-05-02,4.125314539356473
2023-05-03,4.125314539356473
2023-05-04,4.125314539356473
2023-05-05,4.125314539356473
2023-05-06,4.125314539356473
2023-05-07,4.125314539356473
2023-05-08,4.125314539356473
2023-05-09,4.125314539356473
2023-05-10,4.125314539356473
2023-05-11,4.125314539356473
2023-05-12,4.125314539356473
2023-05-13,4.125314539356473
2023-05-14,4.125314539356473
2023-05-15,4.125314539356473
2023-05-16,4.125314539356473
2023-05-17,4.125314539356473
2023-05-18,4.125314539356473
2023-05-19,4.125314539356473
2023-05-20,4.125314539356473
2023-05-21,4.125314539356473
2023-05-22,4.125314539356473
2023-05-23,4.125314539356473
2023-05-24,4.125314539356473
2023-05-25,4.125314539356473
2023-05-26,4.125314539356473
2023-05-27,4.125314539356473
2023-05-28,4.125314539356473
2023-05-29,4.125314539356473
2023-05-30,4.125314539356473
2023-05-31,4.125314539356473
2023-06-01,3.0592533347792994
2023-06-02,3.0592533347792994
2023-06-03,3.0592533347792994
2023-06-04,3.0592533347792994
2023-06-05,3.0592533347792994
2023-06-06,3.0592533347792994
2023-06-07,3.0592533347792994
2023-06-08,3.0592533347792994
2023-06-09,3.0592533347792994
2023-06-10,3.0592533347792994
2023-06-11,3.0592533347792994
2023-06-12,3.0592533347792994
2023-06-13,3.0592533347792994
2023-06-14,3.0592533347792994
2023-06-15,3.0592533347792994
2023-06-16,3.0592533347792994
2023-06-17,3.0592533347792994
2023-06-18,3.0592533347792994
2023-06-19,3.0592533347792994
2023-06-20,3.0592533347792994
2023-06-21,3.0592533347792994
2023-06-22,3.0592533347792994
2023-06-23,3.0592533347792994
2023-06-24,3.0592533347792994
2023-06-25,3.0592533347792994
2023-06-26,3.0592533347792994
2023-06-27,3.0592533347792994
2023-06-28,3.0592533347792994
2023-06-29,3.0592533347792994
2023-06-30,3.0592533347792994
2023-07-01,3.28032820234625
2023-07-02,3.28032820234625
2023-07-03,3.28032820234625
2023-07-04,3.28032820234625
2023-07-05,3.28032820234625
2023-07-06,3.28032820234625
2023-07-07,3.28032820234625
2023-07-08,3.28032820234625
2023-07-09,3.28032820234625
2023-07-10,3.28032820234625
2023-07-11,3.28032820234625
2023-07-12,3.28032820234625
2023-07-13,3.28032820234625
2023-07-14,3.28032820234625
2023-07-15,3.28032820234625
2023-07-16,3.28032820234625
2023-07-17,3.28032820234625
2023-07-18,3.28032820234625
2023-07-19,3.28032820234625
2023-07-20,3.28032820234625
2023-07-21,3.28032820234625
2023-07-22,3.28032820234625
2023-07-23,3.28032820234625
2023-07-24,3.28032820234625
2023-07-25,3.28032820234625
2023-07-26,3.28032820234625
2023-07-27,3.28032820234625
2023-07-28,3.28032820234625
2023-07-29,3.28032820234625
2023-07-30,3.28032820234625
2023-07-31,3.28032820234625
2023-08-01,3.718635867760756
2023-08-02,3.718635867760756
2023-08-03,3.718635867760756
2023-08-04,3.718635867760756
2023-08-05,3.718635867760756
2023-08-06,3.718635867760756
2023-08-07,3.718635867760756
2023-08-08,3.718635867760756
2023-08-09,3.718635867760756
2023-08-10,3.718635867760756
2023-08-11,3.718635867760756
2023-08-12,3.718635867760756
2023-08-13,3.718635867760756
2023-08-14,3.718635867760756
2023-08-15,3.718635867760756
2023-08-16,3.718635867760756
2023-08-17,3.718635867760756
2023-08-18,3.718635867760756
2023-08-19,3.718635867760756
2023-08-20,3.718635867760756
2023-08-21,3.718635867760756
2023-08-22,3.718635867760756
2023-08-23,3.718635867760756
2023-08-24,3.718635867760756
2023-08-25,3.718635867760756
2023-08-26,3.718635867760756
2023-08-27,3.718635867760756
2023-08-28,3.718635867760756
2023-08-29,3.718635867760756
2023-08-30,3.718635867760756
2023-08-31,3.718635867760756
2023-09-01,3.6950823322234414
2023-09-02,3.6950823322234414
2023-09-03,3.6950823322234414
2023-09-04,3.6950823322234414
2023-09-05,3.6950823322234414
2023-09-06,3.6950823322234414
2023-09-07,3.6950823322234414
2023-09-08,3.6950823322234414
2023-09-09,3.6950823322234414
2023-09-10,3.6950823322234414
2023-09-11,3.6950823322234414
2023-09-12,3.6950823322234414
2023-09-13,3.6950823322234414
2023-09-14,3.6950823322234414
2023-09-15,3.6950823322234414
2023-09-16,3.6950823322234414
2023-09-17,3.6950823322234414
2023-09-18,3.6950823322234414
2023-09-19,3.6950823322234414
2023-09-20,3.6950823322234414
2023-09-21,3.6950823322234414
2023-09-22,3.6950823322234414
2023-09-23,3.6950823322234414
2023-09-24,3.6950823322234414
2023-09-25,3.6950823322234414
2023-09-26,3.6950823322234414
2023-09-27,3.6950823322234414
2023-09-28,3.6950823322234414
2023-09-29,3.6950823322234414
2023-09-30,3.6950823322234414
2023-10-01,3.2465375076767167
2023-10-02,3.2465375076767167
2023-10-03,3.2465375076767167
2023-10-04,3.2465375076767167
2023-10-05,3.2465375076767167
2023-10-06,3.2465375076767167
2023-10-07,3.2465375076767167
2023-10-08,3.2465375076767167
2023-10-09,3.2465375076767167
2023-10-10,3.2465375076767167
2023-10-11,3.2465375076767167
2023-10-12,3.2465375076767167
2023-10-13,3.2465375076767167
2023-10-14,3.2465375076767167
2023-10-15,3.2465375076767167
2023-10-16,3.2465375076767167
2023-10-17,3.2465375076767167
2023-10-18,3.2465375076767167
2023-10-19,3.2465375076767167
2023-10-20,3.2465375076767167
2023-10-21,3.2465375076767167
2023-10-22,3.2465375076767167
2023-10-23,3.2465375076767167
2023-10-24,3.2465375076767167
2023-10-25,3.2465375076767167
2023-10-26,3.2465375076767167
2023-10-27,3.2465375076767167
2023-10-28,3.2465375076767167
2023-10-29,3.2465375076767167
2023-10-30,3.2465375076767167
2023-10-31,3.2465375076767167
2023-11-01,3.139855644977696
2023-11-02,3.139855644977696
2023-11-03,3.139855644977696
2023-11-04,3.139855644977696
2023-11-05,3.139855644977696
2023-11-06,3.139855644977696
2023-11-07,3.139855644977696
2023-11-08,3.139855644977696
2023-11-09,3.139855644977696
2023-11-10,3.139855644977696
2023-11-11,3.139855644977696
2023-11-12,3.139855644977696
2023-11-13,3.139855644977696
2023-11-14,3.139855644977696
2023-11-15,3.139855644977696
2023-11-16,3.139855644977696
2023-11-17,3.139855644977696
2023-11-18,3.139855644977696
2023-11-19,3.139855644977696
2023-11-20,3.139855644977696
2023-11-21,3.139855644977696
2023-11-22,3.139855644977696
2023-11-23,3.139855644977696
2023-11-24,3.139855644977696
2023-11-25,3.139855644977696
2023-11-26,3.139855644977696
2023-11-27,3.139855644977696
2023-11-28,3.139855644977696
2023-11-29,3.139855644977696
2023-11-30,3.139855644977696
2023-12-01,3.322200208829762
2023-12-02,3.322200208829762
2023-12-03,3.322200208829762
2023-12-04,3.322200208829762
2023-12-05,3.322200208829762
2023-12-06,3.322200208829762
2023-12-07,3.322200208829762
2023-12-08,3.322200208829762
2023-12-09,3.322200208829762
2023-12-10,3.322200208829762
2023-12-11,3.322200208829762
2023-12-12,3.322200208829762
2023-12-13,3.322200208829762
2023-12-14,3.322200208829762
2023-12-15,3.322200208829762
2023-12-16,3.322200208829762
2023-12-17,3.322200208829762
2023-12-18,3.322200208829762
2023-12-19,3.322200208829762
2023-12-20,3.322200208829762
2023-12-21,3.322200208829762
2023-12-22,3.322200208829762
2023-12-23,3.322200208829762
2023-12-24,3.322200208829762
2023-12-25,3.322200208829762
2023-12-26,3.322200208829762
2023-12-27,3.322200208829762
2023-12-28,3.322200208829762
2023-12-29,3.322200208829762
2023-12-30,3.322200208829762
2023-12-31,3.322200208829762
2024-01-01,3.1079425939238847
2024-01-02,3.1079425939238847
2024-01-03,3.1079425939238847
2024-01-04,3.1079425939238847
2024-01-05,3.1079425939238847
2024-01-06,3.1079425939238847
2024-01-07,3.1079425939238847
2024-01-08,3.1079425939238847
2024-01-09,3.1079425939238847
2024-01-10,3.1079425939238847
2024-01-11,3.1079425939238847
2024-01-12,3.1079425939238847
2024-01-13,3.1079425939238847
2024-01-14,3.1079425939238847
2024-01-15,3.1079425939238847
2024-01-16,3.1079425939238847
2024-01-17,3.1079425939238847
2024-01-18,3.1079425939238847
2024-01-19,3.1079425939238847
2024-01-20,3.1079425939238847
2024-01-21,3.1079425939238847
2024-01-22,3.1079425939238847
2024-01-23,3.1079425939238847
2024-01-24,3.1079425939238847
2024-01-25,3.1079425939238847
2024-01-26,3.1079425939238847
2024-01-27,3.1079425939238847
2024-01-28,3.1079425939238847
2024-01-29,3.1079425939238847
2024-01-30,3.1079425939238847
2024-01-31,3.1079425939238847
2024-02-01,3.16642120765831
2024-02-02,3.16642120765831
2024-02-03,3.16642120765831
2024-02-04,3.16642120765831
2024-02-05,3.16642120765831
2024-02-06,3.16642120765831
2024-02-07,3.16642120765831
2024-02-08,3.16642120765831
2024-02-09,3.16642120765831
2024-02-10,3.16642120765831
2024-02-11,3.16642120765831
2024-02-12,3.16642120765831
2024-02-13,3.16642120765831
2024-02-14,3.16642120765831
2024-02-15,3.16642120765831
2024-02-16,3.16642120765831
2024-02-17,3.16642120765831
2024-02-18,3.16642120765831
2024-02-19,3.16642120765831
2024-02-20,3.16642120765831
2024-02-21,3.16642120765831
2024-02-22,3.16642120765831
2024-02-23,3.16642120765831
2024-02-24,3.16642120765831
2024-02-25,3.16642120765831
2024-02-26,3.16642120765831
2024-02-27,3.16642120765831
2024-02-28,3.16642120765831
2024-02-29,3.16642120765831
2024-03-01,3.4690014354717524
2024-03-02,3.4690014354717524
2024-03-03,3.4690014354717524
2024-03-04,3.4690014354717524
2024-03-05,3.4690014354717524
2024-03-06,3.4690014354717524
2024-03-07,3.4690014354717524
2024-03-08,3.4690014354717524
2024-03-09,3.4690014354717524
2024-03-10,3.4690014354717524
2024-03-11,3.4690014354717524
2024-03-12,3.4690014354717524
2024-03-13,3.4690014354717524
2024-03-14,3.4690014354717524
2024-03-15,3.4690014354717524
2024-03-16,3.4690014354717524
2024-03-17,3.4690014354717524
2024-03-18,3.4690014354717524
2024-03-19,3.4690014354717524
2024-03-20,3.4690014354717524
2024-03-21,3.4690014354717524
2024-03-22,3.4690014354717524
2024-03-23,3.4690014354717524
2024-03-24,3.4690014354717524
2024-03-25,3.4690014354717524
2024-03-26,3.4690014354717524
2024-03-27,3.4690014354717524
2024-03-28,3.4690014354717524
2024-03-29,3.4690014354717524
2024-03-30,3.4690014354717524
2024-03-31,3.4690014354717524
2024-04-01,3.3540471111874304
2024-04-02,3.3540471111874304
2024-04-03,3.3540471111874304
2024-04-04,3.3540471111874304
2024-04-05,3.3540471111874304
2024-04-06,3.3540471111874304
2024-04-07,3.3540471111874304
2024-04-08,3.3540471111874304
2024-04-09,3.3540471111874304
2024-04-10,3.3540471111874304
2024-04-11,3.3540471111874304
2024-04-12,3.3540471111874304
2024-04-13,3.3540471111874304
2024-04-14,3.3540471111874304
2024-04-15,3.3540471111874304
2024-04-16,3.3540471111874304
2024-04-17,3.3540471111874304
2024-04-18,3.3540471111874304
2024-04-19,3.3540471111874304
2024-04-20,3.3540471111874304
2024-04-21,3.3540471111874304
2024-04-22,3.3540471111874304
2024-04-23,3.3540471111874304
2024-04-24,3.3540471111874304
2024-04-25,3.3540471111874304
2024-04-26,3.3540471111874304
2024-04-27,3.3540471111874304
2024-04-28,3.3540471111874304
2024-04-29,3.3540471111874304
2024-04-30,3.3540471111874304
2024-05-01,3.238866396761142
2024-05-02,3.238866396761142
2024-05-03,3.238866396761142
2024-05-04,3.238866396761142
2024-05-05,3.238866396761142
2024-05-06,3.238866396761142
2024-05-07,3.238866396761142
2024-05-08,3.238866396761142
2024-05-09,3.238866396761142
2024-05-10,3.238866396761142
2024-05-11,3.238866396761142
2024-05-12,3.238866396761142
2024-05-13,3.238866396761142
2024-05-14,3.238866396761142
2024-05-15,3.238866396761142
2024-05-16,3.238866396761142
2024-05-17,3.238866396761142
2024-05-18,3.238866396761142
2024-05-19,3.238866396761142
2024-05-20,3.238866396761142
2024-05-21,3.238866396761142
2024-05-22,3.238866396761142
2024-05-23,3.238866396761142
2024-05-24,3.238866396761142
2024-05-25,3.238866396761142
2024-05-26,3.238866396761142
2024-05-27,3.238866396761142
2024-05-28,3.238866396761142
2024-05-29,3.238866396761142
2024-05-30,3.238866396761142
2024-05-31,3.238866396761142
2024-06-01,2.9700853998204435
2024-06-02,2.9700853998204435
2024-06-03,2.9700853998204435
2024-06-04,2.9700853998204435
2024-06-05,2.9700853998204435
2024-06-06,2.9700853998204435
2024-06-07,2.9700853998204435
2024-06-08,2.9700853998204435
2024-06-09,2.9700853998204435
2024-06-10,2.9700853998204435
2024-06-11,2.9700853998204435
2024-06-12,2.9700853998204435
2024-06-13,2.9700853998204435
2024-06-14,2.9700853998204435
2024-06-15,2.9700853998204435
2024-06-16,2.9700853998204435
2024-06-17,2.9700853998204435
2024-06-18,2.9700853998204435
2024-06-19,2.9700853998204435
2024-06-20,2.9700853998204435
2024-06-21,2.9700853998204435
2024-06-22,2.9700853998204435
2024-06-23,2.9700853998204435
2024-06-24,2.9700853998204435
2024-06-25,2.9700853998204435
2024-06-26,2.9700853998204435
2024-06-27,2.9700853998204435
2024-06-28,2.9700853998204435
2024-06-29,2.9700853998204435
2024-06-30,2.9700853998204435
2024-07-01,2.9384633061405374
2024-07-02,2.9384633061405374
2024-07-03,2.9384633061405374
2024-07-04,2.9384633061405374
2024-07-05,2.9384633061405374
2024-07-06,2.9384633061405374
2024-07-07,2.9384633061405374
2024-07-08,2.9384633061405374
2024-07-09,2.9384633061405374
2024-07-10,2.9384633061405374
2024-07-11,2.9384633061405374
2024-07-12,2.9384633061405374
2024-07-13,2.9384633061405374
2024-07-14,2.9384633061405374
2024-07-15,2.9384633061405374
2024-07-16,2.9384633061405374
2024-07-17,2.9384633061405374
2024-07-18,2.9384633061405374
2024-07-19,2.9384633061405374
2024-07-20,2.9384633061405374
2024-07-21,2.9384633061405374
2024-07-22,2.9384633061405374
2024-07-23,2.9384633061405374
2024-07-24,2.9384633061405374
2024-07-25,2.9384633061405374
2024-07-26,2.9384633061405374
2024-07-27,2.9384633061405374
2024-07-28,2.9384633061405374
2024-07-29,2.9384633061405374
2024-07-30,2.9384633061405374
2024-07-31,2.9384633061405374
2024-08-01,2.610914032233836
2024-08-02,2.610914032233836
2024-08-03,2.610914032233836
2024-08-04,2.610914032233836
2024-08-05,2.610914032233836
2024-08-06,2.610914032233836
2024-08-07,2.610914032233836
2024-08-08,2.610914032233836
2024-08-09,2.610914032233836
2024-08-10,2.610914032233836
2024-08-11,2.610914032233836
2024-08-12,2.610914032233836
2024-08-13,2.610914032233836
2024-08-14,2.610914032233836
2024-08-15,2.610914032233836
2024-08-16,2.610914032233836
2024-08-17,2.610914032233836
2024-08-18,2.610914032233836
2024-08-19,2.610914032233836
2024-08-20,2.610914032233836
2024-08-21,2.610914032233836
2024-08-22,2.610914032233836
2024-08-23,2.610914032233836
2024-08-24,2.610914032233836
2024-08-25,2.610914032233836
2024-08-26,2.610914032233836
2024-08-27,2.610914032233836
2024-08-28,2.610914032233836
2024-08-29,2.610914032233836
2024-08-30,2.610914032233836
2024-08-31,2.610914032233836
2024-09-01,2.432541464144644
2024-09-02,2.432541464144644
2024-09-03,2.432541464144644
2024-09-04,2.432541464144644
2024-09-05,2.432541464144644
2024-09-06,2.432541464144644
2024-09-07,2.432541464144644
2024-09-08,2.432541464144644
2024-09-09,2.432541464144644
2024-09-10,2.432541464144644
2024-09-11,2.432541464144644
2024-09-12,2.432541464144644
2024-09-13,2.432541464144644
2024-09-14,2.432541464144644
2024-09-15,2.432541464144644
2024-09-16,2.432541464144644
2024-09-17,2.432541464144644
2024-09-18,2.432541464144644
2024-09-19,2.432541464144644
2024-09-20,2.432541464144644
2024-09-21,2.432541464144644
2024-09-22,2.432541464144644
2024-09-23,2.432541464144644
2024-09-24,2.432541464144644
2024-09-25,2.432541464144644
2024-09-26,2.432541464144644
2024-09-27,2.432541464144644
2024-09-28,2.432541464144644
2024-09-29,2.432541464144644
2024-09-30,2.432541464144644
2024-10-01,2.5714034967967203
2024-10-02,2.5714034967967203
2024-10-03,2.5714034967967203
2024-10-04,2.5714034967967203
2024-10-05,2.5714034967967203
2024-10-06,2.5714034967967203
2024-10-07,2.5714034967967203
2024-10-08,2.5714034967967203
2024-10-09,2.5714034967967203
2024-10-10,2.5714034967967203
2024-10-11,2.5714034967967203
2024-10-12,2.5714034967967203
2024-10-13,2.5714034967967203
2024-10-14,2.5714034967967203
2024-10-15,2.5714034967967203
2024-10-16,2.5714034967967203
2024-10-17,2.5714034967967203
2024-10-18,2.5714034967967203
2024-10-19,2.5714034967967203
2024-10-20,2.5714034967967203
2024-10-21,2.5714034967967203
2024-10-22,2.5714034967967203
2024-10-23,2.5714034967967203
2024-10-24,2.5714034967967203
2024-10-25,2.5714034967967203
2024-10-26,2.5714034967967203
2024-10-27,2.5714034967967203
2024-10-28,2.5714034967967203
2024-10-29,2.5714034967967203
2024-10-30,2.5714034967967203
2024-10-31,2.5714034967967203
2024-11-01,2.7141684004842848
2024-11-02,2.7141684004842848
2024-11-03,2.7141684004842848
2024-11-04,2.7141684004842848
2024-11-05,2.7141684004842848
2024-11-06,2.7141684004842848
2024-11-07,2.7141684004842848
2024-11-08,2.7141684004842848
2024-11-09,2.7141684004842848
2024-11-10,2.7141684004842848
2024-11-11,2.7141684004842848
2024-11-12,2.7141684004842848
2024-11-13,2.7141684004842848
2024-11-14,2.7141684004842848
2024-11-15,2.7141684004842848
2024-11-16,2.7141684004842848
2024-11-17,2.7141684004842848
2024-11-18,2.7141684004842848
2024-11-19,2.7141684004842848
2024-11-20,2.7141684004842848
2024-11-21,2.7141684004842848
2024-11-22,2.7141684004842848
2024-11-23,2.7141684004842848
2024-11-24,2.7141684004842848
2024-11-25,2.7141684004842848
2024-11-26,2.7141684004842848
2024-11-27,2.7141684004842848
2024-11-28,2.7141684004842848
2024-11-29,2.7141684004842848
2024-11-30,2.7141684004842848
2024-12-01,2.872366268806581
2024-12-02,2.872366268806581
2024-12-03,2.872366268806581
2024-12-04,2.872366268806581
2024-12-05,2.872366268806581
2024-12-06,2.872366268806581
2024-12-07,2.872366268806581
2024-12-08,2.872366268806581
2024-12-09,2.872366268806581
2024-12-10,2.872366268806581
2024-12-11,2.872366268806581
2024-12-12,2.872366268806581
2024-12-13,2.872366268806581
2024-12-14,2.872366268806581
2024-12-15,2.872366268806581
2024-12-16,2.872366268806581
2024-12-17,2.872366268806581
2024-12-18,2.872366268806581
2024-12-19,2.872366268806581
2024-12-20,2.872366268806581
2024-12-21,2.872366268806581
2024-12-22,2.872366268806581
2024-12-23,2.872366268806581
2024-12-24,2.872366268806581
2024-12-25,2.872366268806581
2024-12-26,2.872366268806581
2024-12-27,2.872366268806581
2024-12-28,2.872366268806581
2024-12-29,2.872366268806581
2024-12-30,2.872366268806581
2024-12-31,2.872366268806581
2025-01-01,2.999412512831112
2025-01-02,2.999412512831112
2025-01-03,2.999412512831112
2025-01-04,2.999412512831112
2025-01-05,2.999412512831112
2025-01-06,2.999412512831112
2025-01-07,2.999412512831112
2025-01-08,2.999412512831112
2025-01-09,2.999412512831112
2025-01-10,2.999412512831112
2025-01-11,2.999412512831112
2025-01-12,2.999412512831112
2025-01-13,2.999412512831112
2025-01-14,2.999412512831112
2025-01-15,2.999412512831112
2025-01-16,2.999412512831112
2025-01-17,2.999412512831112
2025-01-18,2.999412512831112
2025-01-19,2.999412512831112
2025-01-20,2.999412512831112
2025-01-21,2.999412512831112
2025-01-22,2.999412512831112
2025-01-23,2.999412512831112
2025-01-24,2.999412512831112
2025-01-25,2.999412512831112
2025-01-26,2.999412512831112
2025-01-27,2.999412512831112
2025-01-28,2.999412512831112
2025-01-29,2.999412512831112
2025-01-30,2.999412512831112
2025-01-31,2.999412512831112
2025-02-01,2.814270373156869
2025-02-02,2.814270373156869
2025-02-03,2.814270373156869
2025-02-04,2.814270373156869
2025-02-05,2.814270373156869
2025-02-06,2.814270373156869
2025-02-07,2.814270373156869
2025-02-08,2.814270373156869
2025-02-09,2.814270373156869
2025-02-10,2.814270373156869
2025-02-11,2.814270373156869
2025-02-12,2.814270373156869
2025-02-13,2.814270373156869
2025-02-14,2.814270373156869
2025-02-15,2.814270373156869
2025-02-16,2.814270373156869
2025-02-17,2.814270373156869
2025-02-18,2.814270373156869
2025-02-19,2.814270373156869
2025-02-20,2.814270373156869
2025-02-21,2.814270373156869
2025-02-22,2.814270373156869
2025-02-23,2.814270373156869
2025-02-24,2.814270373156869
2025-02-25,2.814270373156869
2025-02-26,2.814270373156869
2025-02-27,2.814270373156869
2025-02-28,2.814270373156869
2025-03-01,2.405585264028032
2025-03-02,2.405585264028032
2025-03-03,2.405585264028032
2025-03-04,2.405585264028032
2025-03-05,2.405585264028032
2025-03-06,2.405585264028032
2025-03-07,2.405585264028032
2025-03-08,2.405585264028032
2025-03-09,2.405585264028032
2025-03-10,2.405585264028032
2025-03-11,2.405585264028032
2025-03-12,2.405585264028032
2025-03-13,2.405585264028032
2025-03-14,2.405585264028032
2025-03-15,2.405585264028032
2025-03-16,2.405585264028032
2025-03-17,2.405585264028032
2025-03-18,2.405585264028032
2025-03-19,2.405585264028032
2025-03-20,2.405585264028032
2025-03-21,2.405585264028032
2025-03-22,2.405585264028032
2025-03-23,2.405585264028032
2025-03-24,2.405585264028032
2025-03-25,2.405585264028032
2025-03-26,2.405585264028032
2025-03-27,2.405585264028032
2025-03-28,2.405585264028032
2025-03-29,2.405585264028032
2025-03-30,2.405585264028032
2025-03-31,2.405585264028032
2025-04-01,2.3337465177498906
2025-04-02,2.3337465177498906
2025-04-03,2.3337465177498906
2025-04-04,2.3337465177498906
2025-04-05,2.3337465177498906
2025-04-06,2.3337465177498906
2025-04-07,2.3337465177498906
2025-04-08,2.3337465177498906
2025-04-09,2.3337465177498906
2025-04-10,2.3337465177498906
2025-04-11,2.3337465177498906
2025-04-12,2.3337465177498906
2025-04-13,2.3337465177498906
2025-04-14,2.3337465177498906
2025-04-15,2.3337465177498906
2025-04-16,2.3337465177498906
2025-04-17,2.3337465177498906
2025-04-18,2.3337465177498906
2025-04-19,2.3337465177498906
2025-04-20,2.3337465177498906
2025-04-21,2.3337465177498906
2025-04-22,2.3337465177498906
2025-04-23,2.3337465177498906
2025-04-24,2.3337465177498906
2025-04-25,2.3337465177498906
2025-04-26,2.3337465177498906
2025-04-27,2.3337465177498906
2025-04-28,2.3337465177498906
2025-04-29,2.3337465177498906
2025-04-30,2.3337465177498906
2025-05-01,2.37593408698984
2025-05-02,2.37593408698984
2025-05-03,2.37593408698984
2025-05-04,2.37593408698984
2025-05-05,2.37593408698984
2025-05-06,2.37593408698984
2025-05-07,2.37593408698984
2025-05-08,2.37593408698984
2025-05-09,2.37593408698984
2025-05-10,2.37593408698984
2025-05-11,2.37593408698984
2025-05-12,2.37593408698984
2025-05-13,2.37593408698984
2025-05-14,2.37593408698984
2025-05-15,2.37593408698984
2025-05-16,2.37593408698984
2025-05-17,2.37593408698984
2025-05-18,2.37593408698984
2025-05-19,2.37593408698984
2025-05-20,2.37593408698984
2025-05-21,2.37593408698984
2025-05-22,2.37593408698984
2025-05-23,2.37593408698984
2025-05-24,2.37593408698984
2025-05-25,2.37593408698984
2025-05-26,2.37593408698984
2025-05-27,2.37593408698984
2025-05-28,2.37593408698984
2025-05-29,2.37593408698984
2025-05-30,2.37593408698984
2025-05-31,2.37593408698984
2025-06-01,2.6726833178446263
2025-06-02,2.6726833178446263
2025-06-03,2.6726833178446263
2025-06-04,2.6726833178446263
2025-06-05,2.6726833178446263
2025-06-06,2.6726833178446263
2025-06-07,2.6726833178446263
2025-06-08,2.6726833178446263
2025-06-09,2.6726833178446263
2025-06-10,2.6726833178446263
2025-06-11,2.6726833178446263
2025-06-12,2.6726833178446263
2025-06-13,2.6726833178446263
2025-06-14,2.6726833178446263
2025-06-15,2.6726833178446263
2025-06-16,2.6726833178446263
2025-06-17,2.6726833178446263
2025-06-18,2.6726833178446263
2025-06-19,2.6726833178446263
2025-06-20,2.6726833178446263
2025-06-21,2.6726833178446263
2025-06-22,2.6726833178446263
2025-06-23,2.6726833178446263
2025-06-24,2.6726833178446263
2025-06-25,2.6726833178446263
2025-06-26,2.6726833178446263
2025-06-27,2.6726833178446263
2025-06-28,2.6726833178446263
2025-06-29,2.6726833178446263
2025-06-30,2.6726833178446263
2025-07-01,2.7318012794754543
2025-07-02,2.7318012794754543
2025-07-03,2.7318012794754543
2025-07-04,2.7318012794754543
2025-07-05,2.7318012794754543
2025-07-06,2.7318012794754543
2025-07-07,2.7318012794754543
2025-07-08,2.7318012794754543
2025-07-09,2.7318012794754543
2025-07-10,2.7318012794754543
2025-07-11,2.7318012794754543
2025-07-12,2.7318012794754543
2025-07-13,2.7318012794754543
2025-07-14,2.7318012794754543
2025-07-15,2.7318012794754543
2025-07-16,2.7318012794754543
2025-07-17,2.7318012794754543
2025-07-18,2.7318012794754543
2025-07-19,2.7318012794754543
2025-07-20,2.7318012794754543
2025-07-21,2.7318012794754543
2025-07-22,2.7318012794754543
2025-07-23,2.7318012794754543
2025-07-24,2.7318012794754543
2025-07-25,2.7318012794754543
2025-07-26,2.7318012794754543
2025-07-27,2.7318012794754543
2025-07-28,2.7318012794754543
2025-07-29,2.7318012794754543
2025-07-30,2.7318012794754543
2025-07-31,2.7318012794754543
2025-08-01,2.9392196249335534
2025-08-02,2.9392196249335534
2025-08-03,2.9392196249335534
2025-08-04,2.9392196249335534
2025-08-05,2.9392196249335534
2025-08-06,2.9392196249335534
2025-08-07,2.9392196249335534
2025-08-08,2.9392196249335534
2025-08-09,2.9392196249335534
2025-08-10,2.9392196249335534
2025-08-11,2.9392196249335534
2025-08-12,2.9392196249335534
2025-08-13,2.9392196249335534
2025-08-14,2.9392196249335534
2025-08-15,2.9392196249335534
2025-08-16,2.9392196249335534
2025-08-17,2.9392196249335534
2025-08-18,2.9392196249335534
2025-08-19,2.9392196249335534
2025-08-20,2.9392196249335534
2025-08-21,2.9392196249335534
2025-08-22,2.9392196249335534
2025-08-23,2.9392196249335534
2025-08-24,2.9392196249335534
2025-08-25,2.9392196249335534
2025-08-26,2.9392196249335534
2025-08-27,2.9392196249335534
2025-08-28,2.9392196249335534
2025-08-29,2.9392196249335534
2025-08-30,2.9392196249335534
2025-08-31,2.9392196249335534
2025-09-01,3.022699626172387
2025-09-02,3.022699626172387
2025-09-03,3.022699626172387
2025-09-04,3.022699626172387
2025-09-05,3.022699626172387
2025-09-06,3.022699626172387
2025-09-07,3.022699626172387
2025-09-08,3.022699626172387
2025-09-09,3.022699626172387
2025-09-10,3.022699626172387
2025-09-11,3.022699626172387
2025-09-12,3.022699626172387
2025-09-13,3.022699626172387
2025-09-14,3.022699626172387
2025-09-15,3.022699626172387
2025-09-16,3.022699626172387
2025-09-17,3.022699626172387
2025-09-18,3.022699626172387
2025-09-19,3.022699626172387
2025-09-20,3.022699626172387
2025-09-21,3.022699626172387
2025-09-22,3.022699626172387
2025-09-23,3.022699626172387
2025-09-24,3.022699626172387
2025-09-25,3.022699626172387
2025-09-26,3.022699626172387
2025-09-27,3.022699626172387
2025-09-28,3.022699626172387
2025-09-29,3.022699626172387
2025-09-30,3.022699626172387
2025-10-01,2.7899253400261115
2025-10-02,2.7899253400261115
2025-10-03,2.7899253400261115
2025-10-04,2.7899253400261115
2025-10-05,2.7899253400261115
2025-10-06,2.7899253400261115
2025-10-07,2.7899253400261115
2025-10-08,2.7899253400261115
2025-10-09,2.7899253400261115
2025-10-10,2.7899253400261115
2025-10-11,2.7899253400261115
2025-10-12,2.7899253400261115
2025-10-13,2.7899253400261115
2025-10-14,2.7899253400261115
2025-10-15,2.7899253400261115
2025-10-16,2.7899253400261115
2025-10-17,2.7899253400261115
2025-10-18,2.7899253400261115
2025-10-19,2.7899253400261115
2025-10-20,2.7899253400261115
2025-10-21,2.7899253400261115
2025-10-22,2.7899253400261115
2025-10-23,2.7899253400261115
2025-10-24,2.7899253400261115
2025-10-25,2.7899253400261115
2025-10-26,2.7899253400261115
2025-10-27,2.7899253400261115
2025-10-28,2.7899253400261115
2025-10-29,2.7899253400261115
2025-10-30,2.7899253400261115
2025-10-31,2.7899253400261115
2025-11-01,2.711969385272184
2025-11-02,2.711969385272184
2025-11-03,2.711969385272184
2025-11-04,2.711969385272184
2025-11-05,2.711969385272184
2025-11-06,2.711969385272184
2025-11-07,2.711969385272184
2025-11-08,2.711969385272184
2025-11-09,2.711969385272184
2025-11-10,2.711969385272184
2025-11-11,2.711969385272184
2025-11-12,2.711969385272184
2025-11-13,2.711969385272184
2025-11-14,2.711969385272184
2025-11-15,2.711969385272184
2025-11-16,2.711969385272184
2025-11-17,2.711969385272184
2025-11-18,2.711969385272184
2025-11-19,2.711969385272184
2025-11-20,2.711969385272184
2025-11-21,2.711969385272184
2025-11-22,2.711969385272184
2025-11-23,2.711969385272184
2025-11-24,2.711969385272184
2025-11-25,2.711969385272184
2025-11-26,2.711969385272184
2025-11-27,2.711969385272184
2025-11-28,2.711969385272184
2025-11-29,2.711969385272184
2025-11-30,2.711969385272184
2025-12-01,2.7
